word,display_form,part_of_speech,frequency_rank,source
abroad,abroad,adv,,sesamewords_leveled_list_with_mnemonics.csv
absorb,absorb,v,,sesamewords_leveled_list_with_mnemonics.csv
accelerate,accelerate,v,,sesamewords_leveled_list_with_mnemonics.csv
acceptable,acceptable,adj,,sesamewords_leveled_list_with_mnemonics.csv
accidental,accidental,n,,sesamewords_leveled_list_with_mnemonics.csv
accompany,accompany,v,,sesamewords_leveled_list_with_mnemonics.csv
accomplish,accomplish,v,,sesamewords_leveled_list_with_mnemonics.csv
accountant,accountant,n,,sesamewords_leveled_list_with_mnemonics.csv
accumulate,accumulate,v,,sesamewords_leveled_list_with_mnemonics.csv
accuse,accuse,v,,sesamewords_leveled_list_with_mnemonics.csv
acknowledge,acknowledge,v,,sesamewords_leveled_list_with_mnemonics.csv
acute,acute,adj,,sesamewords_leveled_list_with_mnemonics.csv
adapt,adapt,v,,sesamewords_leveled_list_with_mnemonics.csv
adaptation,adaptation,n,,sesamewords_leveled_list_with_mnemonics.csv
addiction,addiction,n,,sesamewords_leveled_list_with_mnemonics.csv
adequate,adequate,adj,,sesamewords_leveled_list_with_mnemonics.csv
adjacent,adjacent,adj,,sesamewords_leveled_list_with_mnemonics.csv
adjust,adjust,v,,sesamewords_leveled_list_with_mnemonics.csv
administer,administer,v,,sesamewords_leveled_list_with_mnemonics.csv
adolescent,adolescent,n,,sesamewords_leveled_list_with_mnemonics.csv
adverse,adverse,adj,,sesamewords_leveled_list_with_mnemonics.csv
advocacy,advocacy,n,,sesamewords_leveled_list_with_mnemonics.csv
advocate,advocate,v,,sesamewords_leveled_list_with_mnemonics.csv
affordable,affordable,adj,,sesamewords_leveled_list_with_mnemonics.csv
aggregate,aggregate,adj,,sesamewords_leveled_list_with_mnemonics.csv
aggressive,aggressive,adj,,sesamewords_leveled_list_with_mnemonics.csv
alias,alias,n,,sesamewords_leveled_list_with_mnemonics.csv
allege,allege,v,,sesamewords_leveled_list_with_mnemonics.csv
alliance,alliance,n,,sesamewords_leveled_list_with_mnemonics.csv
allocate,allocate,v,,sesamewords_leveled_list_with_mnemonics.csv
alloy,alloy,v,,sesamewords_leveled_list_with_mnemonics.csv
ally,ally,n,,sesamewords_leveled_list_with_mnemonics.csv
alter,alter,v,,sesamewords_leveled_list_with_mnemonics.csv
anatomy,anatomy,n,,sesamewords_leveled_list_with_mnemonics.csv
anchor,anchor,v,,sesamewords_leveled_list_with_mnemonics.csv
anger,anger,n,,sesamewords_leveled_list_with_mnemonics.csv
angry,angry,adj,,sesamewords_leveled_list_with_mnemonics.csv
animate,animate,v,,sesamewords_leveled_list_with_mnemonics.csv
annex,annex,v,,sesamewords_leveled_list_with_mnemonics.csv
annotate,annotate,v,,sesamewords_leveled_list_with_mnemonics.csv
anxiety,anxiety,n,,sesamewords_leveled_list_with_mnemonics.csv
apparent,apparent,adj,,sesamewords_leveled_list_with_mnemonics.csv
appearance,appearance,n,,sesamewords_leveled_list_with_mnemonics.csv
appoint,appoint,v,,sesamewords_leveled_list_with_mnemonics.csv
appointment,appointment,n,,sesamewords_leveled_list_with_mnemonics.csv
appreciate,appreciate,v,,sesamewords_leveled_list_with_mnemonics.csv
appreciation,appreciation,,,sesamewords_leveled_list_with_mnemonics.csv
appropriation,appropriation,n,,sesamewords_leveled_list_with_mnemonics.csv
aquatic,aquatic,n,,sesamewords_leveled_list_with_mnemonics.csv
arbitrary,arbitrary,adj,,sesamewords_leveled_list_with_mnemonics.csv
arcade,arcade,n,,sesamewords_leveled_list_with_mnemonics.csv
argue,argue,v,,sesamewords_leveled_list_with_mnemonics.csv
arrange,arrange,v,,sesamewords_leveled_list_with_mnemonics.csv
arrest,arrest,v,,sesamewords_leveled_list_with_mnemonics.csv
artificial,artificial,adj,,sesamewords_leveled_list_with_mnemonics.csv
artistic,artistic,adj,,sesamewords_leveled_list_with_mnemonics.csv
ascend,ascend,v,,sesamewords_leveled_list_with_mnemonics.csv
assemble,assemble,v,,sesamewords_leveled_list_with_mnemonics.csv
assert,assert,v,,sesamewords_leveled_list_with_mnemonics.csv
assumption,assumption,n,,sesamewords_leveled_list_with_mnemonics.csv
assurance,assurance,n,,sesamewords_leveled_list_with_mnemonics.csv
assure,assure,v,,sesamewords_leveled_list_with_mnemonics.csv
atlas,atlas,n,,sesamewords_leveled_list_with_mnemonics.csv
attain,attain,v,,sesamewords_leveled_list_with_mnemonics.csv
attitude,attitude,n,,sesamewords_leveled_list_with_mnemonics.csv
attractive,attractive,adj,,sesamewords_leveled_list_with_mnemonics.csv
aurora,aurora,,,sesamewords_leveled_list_with_mnemonics.csv
authentic,authentic,adj,,sesamewords_leveled_list_with_mnemonics.csv
automate,automate,v,,sesamewords_leveled_list_with_mnemonics.csv
ban,ban,v,,sesamewords_leveled_list_with_mnemonics.csv
barrier,barrier,n,,sesamewords_leveled_list_with_mnemonics.csv
behalf,behalf,n,,sesamewords_leveled_list_with_mnemonics.csv
belief,belief,n,,sesamewords_leveled_list_with_mnemonics.csv
beneficial,beneficial,adj,,sesamewords_leveled_list_with_mnemonics.csv
beneficiary,beneficiary,n,,sesamewords_leveled_list_with_mnemonics.csv
bias,bias,n,,sesamewords_leveled_list_with_mnemonics.csv
bitter,bitter,adj,,sesamewords_leveled_list_with_mnemonics.csv
bizarre,bizarre,adj,,sesamewords_leveled_list_with_mnemonics.csv
blend,blend,v,,sesamewords_leveled_list_with_mnemonics.csv
bloom,bloom,v,,sesamewords_leveled_list_with_mnemonics.csv
bolt,bolt,v,,sesamewords_leveled_list_with_mnemonics.csv
boom,boom,v,,sesamewords_leveled_list_with_mnemonics.csv
bore,bore,,,sesamewords_leveled_list_with_mnemonics.csv
boundless,boundless,,,sesamewords_leveled_list_with_mnemonics.csv
breach,breach,v,,sesamewords_leveled_list_with_mnemonics.csv
brilliant,brilliant,adj,,sesamewords_leveled_list_with_mnemonics.csv
brochure,brochure,n,,sesamewords_leveled_list_with_mnemonics.csv
broken,broken,,,sesamewords_leveled_list_with_mnemonics.csv
brook,brook,n,,sesamewords_leveled_list_with_mnemonics.csv
bulk,bulk,n,,sesamewords_leveled_list_with_mnemonics.csv
burden,burden,n,,sesamewords_leveled_list_with_mnemonics.csv
cant,cant,n,,sesamewords_leveled_list_with_mnemonics.csv
canyon,canyon,n,,sesamewords_leveled_list_with_mnemonics.csv
capable,capable,adj,,sesamewords_leveled_list_with_mnemonics.csv
capsule,capsule,,,sesamewords_leveled_list_with_mnemonics.csv
caption,caption,v,,sesamewords_leveled_list_with_mnemonics.csv
cargo,cargo,n,,sesamewords_leveled_list_with_mnemonics.csv
casual,casual,adj,,sesamewords_leveled_list_with_mnemonics.csv
catalyst,catalyst,n,,sesamewords_leveled_list_with_mnemonics.csv
cater,cater,v,,sesamewords_leveled_list_with_mnemonics.csv
catholic,catholic,n,,sesamewords_leveled_list_with_mnemonics.csv
cease,cease,v,,sesamewords_leveled_list_with_mnemonics.csv
celebrate,celebrate,v,,sesamewords_leveled_list_with_mnemonics.csv
cellular,cellular,adj,,sesamewords_leveled_list_with_mnemonics.csv
census,census,n,,sesamewords_leveled_list_with_mnemonics.csv
champion,champion,n,,sesamewords_leveled_list_with_mnemonics.csv
chaos,chaos,n,,sesamewords_leveled_list_with_mnemonics.csv
characterize,characterize,v,,sesamewords_leveled_list_with_mnemonics.csv
charity,charity,n,,sesamewords_leveled_list_with_mnemonics.csv
charter,charter,n,,sesamewords_leveled_list_with_mnemonics.csv
cheer,cheer,n,,sesamewords_leveled_list_with_mnemonics.csv
chronic,chronic,adj,,sesamewords_leveled_list_with_mnemonics.csv
chronicle,chronicle,v,,sesamewords_leveled_list_with_mnemonics.csv
circumstance,circumstance,n,,sesamewords_leveled_list_with_mnemonics.csv
cite,cite,v,,sesamewords_leveled_list_with_mnemonics.csv
clarify,clarify,v,,sesamewords_leveled_list_with_mnemonics.csv
clarity,clarity,n,,sesamewords_leveled_list_with_mnemonics.csv
classification,classification,n,,sesamewords_leveled_list_with_mnemonics.csv
classify,classify,v,,sesamewords_leveled_list_with_mnemonics.csv
clause,clause,n,,sesamewords_leveled_list_with_mnemonics.csv
climate,climate,n,,sesamewords_leveled_list_with_mnemonics.csv
climb,climb,v,,sesamewords_leveled_list_with_mnemonics.csv
cloud,cloud,n,,sesamewords_leveled_list_with_mnemonics.csv
cluster,cluster,n,,sesamewords_leveled_list_with_mnemonics.csv
coalition,coalition,n,,sesamewords_leveled_list_with_mnemonics.csv
cognitive,cognitive,adj,,sesamewords_leveled_list_with_mnemonics.csv
collaborative,collaborative,adj,,sesamewords_leveled_list_with_mnemonics.csv
collapse,collapse,v,,sesamewords_leveled_list_with_mnemonics.csv
colleague,colleague,n,,sesamewords_leveled_list_with_mnemonics.csv
collective,collective,adj,,sesamewords_leveled_list_with_mnemonics.csv
colonial,colonial,adj,,sesamewords_leveled_list_with_mnemonics.csv
combat,combat,n,,sesamewords_leveled_list_with_mnemonics.csv
comfortable,comfortable,adj,,sesamewords_leveled_list_with_mnemonics.csv
commence,commence,v,,sesamewords_leveled_list_with_mnemonics.csv
commodity,commodity,n,,sesamewords_leveled_list_with_mnemonics.csv
communicate,communicate,v,,sesamewords_leveled_list_with_mnemonics.csv
companion,companion,n,,sesamewords_leveled_list_with_mnemonics.csv
comparable,comparable,adj,,sesamewords_leveled_list_with_mnemonics.csv
comparative,comparative,adj,,sesamewords_leveled_list_with_mnemonics.csv
compensation,compensation,n,,sesamewords_leveled_list_with_mnemonics.csv
compete,compete,v,,sesamewords_leveled_list_with_mnemonics.csv
complement,complement,n,,sesamewords_leveled_list_with_mnemonics.csv
complexity,complexity,n,,sesamewords_leveled_list_with_mnemonics.csv
compliant,compliant,adj,,sesamewords_leveled_list_with_mnemonics.csv
complicate,complicate,v,,sesamewords_leveled_list_with_mnemonics.csv
complication,complication,n,,sesamewords_leveled_list_with_mnemonics.csv
comply,comply,v,,sesamewords_leveled_list_with_mnemonics.csv
compose,compose,v,,sesamewords_leveled_list_with_mnemonics.csv
composite,composite,n,,sesamewords_leveled_list_with_mnemonics.csv
compound,compound,v,,sesamewords_leveled_list_with_mnemonics.csv
compress,compress,v,,sesamewords_leveled_list_with_mnemonics.csv
compression,compression,n,,sesamewords_leveled_list_with_mnemonics.csv
comprise,comprise,v,,sesamewords_leveled_list_with_mnemonics.csv
compromise,compromise,n,,sesamewords_leveled_list_with_mnemonics.csv
concentrate,concentrate,v,,sesamewords_leveled_list_with_mnemonics.csv
concentration,concentration,n,,sesamewords_leveled_list_with_mnemonics.csv
conclude,conclude,v,,sesamewords_leveled_list_with_mnemonics.csv
concrete,concrete,n,,sesamewords_leveled_list_with_mnemonics.csv
confident,confident,adj,,sesamewords_leveled_list_with_mnemonics.csv
confidential,confidential,adj,,sesamewords_leveled_list_with_mnemonics.csv
conform,conform,v,,sesamewords_leveled_list_with_mnemonics.csv
confuse,confuse,v,,sesamewords_leveled_list_with_mnemonics.csv
confusion,confusion,n,,sesamewords_leveled_list_with_mnemonics.csv
congressional,congressional,adj,,sesamewords_leveled_list_with_mnemonics.csv
conjunction,conjunction,n,,sesamewords_leveled_list_with_mnemonics.csv
consecutive,consecutive,adj,,sesamewords_leveled_list_with_mnemonics.csv
consensus,consensus,n,,sesamewords_leveled_list_with_mnemonics.csv
consent,consent,n,,sesamewords_leveled_list_with_mnemonics.csv
consequence,consequence,n,,sesamewords_leveled_list_with_mnemonics.csv
consequent,consequent,adj,,sesamewords_leveled_list_with_mnemonics.csv
conservation,conservation,n,,sesamewords_leveled_list_with_mnemonics.csv
conservative,conservative,adj,,sesamewords_leveled_list_with_mnemonics.csv
considerable,considerable,adj,,sesamewords_leveled_list_with_mnemonics.csv
console,console,v,,sesamewords_leveled_list_with_mnemonics.csv
consolidate,consolidate,v,,sesamewords_leveled_list_with_mnemonics.csv
consolidation,consolidation,n,,sesamewords_leveled_list_with_mnemonics.csv
constraint,constraint,n,,sesamewords_leveled_list_with_mnemonics.csv
construct,construct,v,,sesamewords_leveled_list_with_mnemonics.csv
consultation,consultation,n,,sesamewords_leveled_list_with_mnemonics.csv
consume,consume,v,,sesamewords_leveled_list_with_mnemonics.csv
consumption,consumption,n,,sesamewords_leveled_list_with_mnemonics.csv
continental,continental,adj,,sesamewords_leveled_list_with_mnemonics.csv
continual,continual,adj,,sesamewords_leveled_list_with_mnemonics.csv
contrary,contrary,adj,,sesamewords_leveled_list_with_mnemonics.csv
contrast,contrast,n,,sesamewords_leveled_list_with_mnemonics.csv
convenience,convenience,n,,sesamewords_leveled_list_with_mnemonics.csv
convenient,convenient,adj,,sesamewords_leveled_list_with_mnemonics.csv
conventional,conventional,adj,,sesamewords_leveled_list_with_mnemonics.csv
conviction,conviction,n,,sesamewords_leveled_list_with_mnemonics.csv
convince,convince,v,,sesamewords_leveled_list_with_mnemonics.csv
cooperative,cooperative,adj,,sesamewords_leveled_list_with_mnemonics.csv
coordinate,coordinate,v,,sesamewords_leveled_list_with_mnemonics.csv
cope,cope,v,,sesamewords_leveled_list_with_mnemonics.csv
correlation,correlation,n,,sesamewords_leveled_list_with_mnemonics.csv
corruption,corruption,n,,sesamewords_leveled_list_with_mnemonics.csv
cosmetic,cosmetic,n,,sesamewords_leveled_list_with_mnemonics.csv
courier,courier,n,,sesamewords_leveled_list_with_mnemonics.csv
credible,credible,adj,,sesamewords_leveled_list_with_mnemonics.csv
crest,crest,n,,sesamewords_leveled_list_with_mnemonics.csv
crisis,crisis,n,,sesamewords_leveled_list_with_mnemonics.csv
critic,critic,n,,sesamewords_leveled_list_with_mnemonics.csv
criticism,criticism,n,,sesamewords_leveled_list_with_mnemonics.csv
crucial,crucial,adj,,sesamewords_leveled_list_with_mnemonics.csv
cue,cue,v,,sesamewords_leveled_list_with_mnemonics.csv
cuisine,cuisine,n,,sesamewords_leveled_list_with_mnemonics.csv
cumulative,cumulative,adj,,sesamewords_leveled_list_with_mnemonics.csv
cure,cure,v,,sesamewords_leveled_list_with_mnemonics.csv
curious,curious,adj,,sesamewords_leveled_list_with_mnemonics.csv
custody,custody,n,,sesamewords_leveled_list_with_mnemonics.csv
dangerous,dangerous,adj,,sesamewords_leveled_list_with_mnemonics.csv
debut,debut,n,,sesamewords_leveled_list_with_mnemonics.csv
decade,decade,n,,sesamewords_leveled_list_with_mnemonics.csv
declaration,declaration,n,,sesamewords_leveled_list_with_mnemonics.csv
decline,decline,v,,sesamewords_leveled_list_with_mnemonics.csv
decorative,decorative,adj,,sesamewords_leveled_list_with_mnemonics.csv
defect,defect,n,,sesamewords_leveled_list_with_mnemonics.csv
defend,defend,v,,sesamewords_leveled_list_with_mnemonics.csv
defer,defer,v,,sesamewords_leveled_list_with_mnemonics.csv
deficit,deficit,n,,sesamewords_leveled_list_with_mnemonics.csv
definite,definite,adj,,sesamewords_leveled_list_with_mnemonics.csv
delegate,delegate,v,,sesamewords_leveled_list_with_mnemonics.csv
demographic,demographic,n,,sesamewords_leveled_list_with_mnemonics.csv
demonstration,demonstration,n,,sesamewords_leveled_list_with_mnemonics.csv
denial,denial,n,,sesamewords_leveled_list_with_mnemonics.csv
denote,denote,v,,sesamewords_leveled_list_with_mnemonics.csv
density,density,n,,sesamewords_leveled_list_with_mnemonics.csv
deny,deny,v,,sesamewords_leveled_list_with_mnemonics.csv
depart,depart,v,,sesamewords_leveled_list_with_mnemonics.csv
departure,departure,n,,sesamewords_leveled_list_with_mnemonics.csv
dependent,dependent,adj,,sesamewords_leveled_list_with_mnemonics.csv
depict,depict,v,,sesamewords_leveled_list_with_mnemonics.csv
deploy,deploy,v,,sesamewords_leveled_list_with_mnemonics.csv
derivative,derivative,n,,sesamewords_leveled_list_with_mnemonics.csv
derive,derive,v,,sesamewords_leveled_list_with_mnemonics.csv
descend,descend,v,,sesamewords_leveled_list_with_mnemonics.csv
desert,desert,v,,sesamewords_leveled_list_with_mnemonics.csv
deserve,deserve,v,,sesamewords_leveled_list_with_mnemonics.csv
desperate,desperate,adj,,sesamewords_leveled_list_with_mnemonics.csv
destroy,destroy,v,,sesamewords_leveled_list_with_mnemonics.csv
destruction,destruction,n,,sesamewords_leveled_list_with_mnemonics.csv
detect,detect,v,,sesamewords_leveled_list_with_mnemonics.csv
determination,determination,n,,sesamewords_leveled_list_with_mnemonics.csv
deviation,deviation,n,,sesamewords_leveled_list_with_mnemonics.csv
devote,devote,v,,sesamewords_leveled_list_with_mnemonics.csv
diagnosis,diagnosis,n,,sesamewords_leveled_list_with_mnemonics.csv
dialogue,dialogue,n,,sesamewords_leveled_list_with_mnemonics.csv
differ,differ,v,,sesamewords_leveled_list_with_mnemonics.csv
difficulty,difficulty,n,,sesamewords_leveled_list_with_mnemonics.csv
digest,digest,v,,sesamewords_leveled_list_with_mnemonics.csv
disadvantage,disadvantage,n,,sesamewords_leveled_list_with_mnemonics.csv
disappear,disappear,v,,sesamewords_leveled_list_with_mnemonics.csv
disappoint,disappoint,v,,sesamewords_leveled_list_with_mnemonics.csv
discharge,discharge,n,,sesamewords_leveled_list_with_mnemonics.csv
discipline,discipline,v,,sesamewords_leveled_list_with_mnemonics.csv
disclose,disclose,v,,sesamewords_leveled_list_with_mnemonics.csv
disclosure,disclosure,n,,sesamewords_leveled_list_with_mnemonics.csv
discretion,discretion,n,,sesamewords_leveled_list_with_mnemonics.csv
dismiss,dismiss,v,,sesamewords_leveled_list_with_mnemonics.csv
dispatch,dispatch,v,,sesamewords_leveled_list_with_mnemonics.csv
dispute,dispute,v,,sesamewords_leveled_list_with_mnemonics.csv
distinct,distinct,adj,,sesamewords_leveled_list_with_mnemonics.csv
distinction,distinction,n,,sesamewords_leveled_list_with_mnemonics.csv
distinguish,distinguish,v,,sesamewords_leveled_list_with_mnemonics.csv
disturb,disturb,v,,sesamewords_leveled_list_with_mnemonics.csv
diverse,diverse,adj,,sesamewords_leveled_list_with_mnemonics.csv
diversity,diversity,n,,sesamewords_leveled_list_with_mnemonics.csv
dividend,dividend,n,,sesamewords_leveled_list_with_mnemonics.csv
divine,divine,adj,,sesamewords_leveled_list_with_mnemonics.csv
doctrine,doctrine,n,,sesamewords_leveled_list_with_mnemonics.csv
dominant,dominant,adj,,sesamewords_leveled_list_with_mnemonics.csv
dominate,dominate,v,,sesamewords_leveled_list_with_mnemonics.csv
drain,drain,v,,sesamewords_leveled_list_with_mnemonics.csv
drama,drama,n,,sesamewords_leveled_list_with_mnemonics.csv
dramatic,dramatic,adj,,sesamewords_leveled_list_with_mnemonics.csv
duplicate,duplicate,v,,sesamewords_leveled_list_with_mnemonics.csv
durable,durable,adj,,sesamewords_leveled_list_with_mnemonics.csv
duration,duration,n,,sesamewords_leveled_list_with_mnemonics.csv
ease,ease,v,,sesamewords_leveled_list_with_mnemonics.csv
eclipse,eclipse,n,,sesamewords_leveled_list_with_mnemonics.csv
ecological,ecological,adj,,sesamewords_leveled_list_with_mnemonics.csv
ecology,ecology,n,,sesamewords_leveled_list_with_mnemonics.csv
economical,economical,adj,,sesamewords_leveled_list_with_mnemonics.csv
efficiency,efficiency,n,,sesamewords_leveled_list_with_mnemonics.csv
elect,elect,v,,sesamewords_leveled_list_with_mnemonics.csv
elegant,elegant,adj,,sesamewords_leveled_list_with_mnemonics.csv
elementary,elementary,adj,,sesamewords_leveled_list_with_mnemonics.csv
eliminate,eliminate,v,,sesamewords_leveled_list_with_mnemonics.csv
elite,elite,n,,sesamewords_leveled_list_with_mnemonics.csv
embed,embed,v,,sesamewords_leveled_list_with_mnemonics.csv
embrace,embrace,v,,sesamewords_leveled_list_with_mnemonics.csv
emerge,emerge,v,,sesamewords_leveled_list_with_mnemonics.csv
emotional,emotional,adj,,sesamewords_leveled_list_with_mnemonics.csv
emphasis,emphasis,n,,sesamewords_leveled_list_with_mnemonics.csv
emphasize,emphasize,v,,sesamewords_leveled_list_with_mnemonics.csv
enact,enact,v,,sesamewords_leveled_list_with_mnemonics.csv
encounter,encounter,v,,sesamewords_leveled_list_with_mnemonics.csv
endeavor,endeavor,n,,sesamewords_leveled_list_with_mnemonics.csv
endorse,endorse,v,,sesamewords_leveled_list_with_mnemonics.csv
endorsement,endorsement,n,,sesamewords_leveled_list_with_mnemonics.csv
enemy,enemy,n,,sesamewords_leveled_list_with_mnemonics.csv
enormous,enormous,adj,,sesamewords_leveled_list_with_mnemonics.csv
enroll,enroll,v,,sesamewords_leveled_list_with_mnemonics.csv
entertain,entertain,v,,sesamewords_leveled_list_with_mnemonics.csv
entrepreneur,entrepreneur,n,,sesamewords_leveled_list_with_mnemonics.csv
envelope,envelope,n,,sesamewords_leveled_list_with_mnemonics.csv
epic,epic,n,,sesamewords_leveled_list_with_mnemonics.csv
equip,equip,v,,sesamewords_leveled_list_with_mnemonics.csv
era,era,n,,sesamewords_leveled_list_with_mnemonics.csv
erotic,erotic,adj,,sesamewords_leveled_list_with_mnemonics.csv
escape,escape,v,,sesamewords_leveled_list_with_mnemonics.csv
escort,escort,v,,sesamewords_leveled_list_with_mnemonics.csv
essay,essay,n,,sesamewords_leveled_list_with_mnemonics.csv
essence,essence,n,,sesamewords_leveled_list_with_mnemonics.csv
establishment,establishment,n,,sesamewords_leveled_list_with_mnemonics.csv
ethic,ethic,n,,sesamewords_leveled_list_with_mnemonics.csv
ethical,ethical,adj,,sesamewords_leveled_list_with_mnemonics.csv
ethnic,ethnic,adj,,sesamewords_leveled_list_with_mnemonics.csv
eventual,eventual,adj,,sesamewords_leveled_list_with_mnemonics.csv
evolution,evolution,n,,sesamewords_leveled_list_with_mnemonics.csv
evolve,evolve,v,,sesamewords_leveled_list_with_mnemonics.csv
excel,excel,v,,sesamewords_leveled_list_with_mnemonics.csv
exceptional,exceptional,adj,,sesamewords_leveled_list_with_mnemonics.csv
excerpt,excerpt,v,,sesamewords_leveled_list_with_mnemonics.csv
excess,excess,n,,sesamewords_leveled_list_with_mnemonics.csv
excessive,excessive,adj,,sesamewords_leveled_list_with_mnemonics.csv
exempt,exempt,adj,,sesamewords_leveled_list_with_mnemonics.csv
exhaust,exhaust,v,,sesamewords_leveled_list_with_mnemonics.csv
exotic,exotic,adj,,sesamewords_leveled_list_with_mnemonics.csv
expansion,expansion,n,,sesamewords_leveled_list_with_mnemonics.csv
expedition,expedition,n,,sesamewords_leveled_list_with_mnemonics.csv
expensive,expensive,adj,,sesamewords_leveled_list_with_mnemonics.csv
experimental,experimental,adj,,sesamewords_leveled_list_with_mnemonics.csv
expire,expire,v,,sesamewords_leveled_list_with_mnemonics.csv
explicit,explicit,adj,,sesamewords_leveled_list_with_mnemonics.csv
exploit,exploit,v,,sesamewords_leveled_list_with_mnemonics.csv
exploration,exploration,n,,sesamewords_leveled_list_with_mnemonics.csv
expose,expose,v,,sesamewords_leveled_list_with_mnemonics.csv
extensive,extensive,adj,,sesamewords_leveled_list_with_mnemonics.csv
extraordinary,extraordinary,adj,,sesamewords_leveled_list_with_mnemonics.csv
facilitate,facilitate,v,,sesamewords_leveled_list_with_mnemonics.csv
fame,fame,n,,sesamewords_leveled_list_with_mnemonics.csv
familiar,familiar,adj,,sesamewords_leveled_list_with_mnemonics.csv
fanciful,fanciful,,,sesamewords_leveled_list_with_mnemonics.csv
fancy,fancy,v,,sesamewords_leveled_list_with_mnemonics.csv
fantastic,fantastic,adj,,sesamewords_leveled_list_with_mnemonics.csv
fare,fare,n,,sesamewords_leveled_list_with_mnemonics.csv
fascinate,fascinate,v,,sesamewords_leveled_list_with_mnemonics.csv
fatal,fatal,adj,,sesamewords_leveled_list_with_mnemonics.csv
fault,fault,n,,sesamewords_leveled_list_with_mnemonics.csv
feasible,feasible,adj,,sesamewords_leveled_list_with_mnemonics.csv
ferry,ferry,v,,sesamewords_leveled_list_with_mnemonics.csv
fiber,fiber,n,,sesamewords_leveled_list_with_mnemonics.csv
finite,finite,adj,,sesamewords_leveled_list_with_mnemonics.csv
fiscal,fiscal,adj,,sesamewords_leveled_list_with_mnemonics.csv
flavor,flavor,n,,sesamewords_leveled_list_with_mnemonics.csv
flaw,flaw,n,,sesamewords_leveled_list_with_mnemonics.csv
flood,flood,v,,sesamewords_leveled_list_with_mnemonics.csv
flux,flux,n,,sesamewords_leveled_list_with_mnemonics.csv
fossil,fossil,n,,sesamewords_leveled_list_with_mnemonics.csv
foster,foster,v,,sesamewords_leveled_list_with_mnemonics.csv
founder,founder,n,,sesamewords_leveled_list_with_mnemonics.csv
fragment,fragment,n,,sesamewords_leveled_list_with_mnemonics.csv
franchise,franchise,n,,sesamewords_leveled_list_with_mnemonics.csv
fraud,fraud,n,,sesamewords_leveled_list_with_mnemonics.csv
freeze,freeze,v,,sesamewords_leveled_list_with_mnemonics.csv
frontier,frontier,n,,sesamewords_leveled_list_with_mnemonics.csv
fundamental,fundamental,adj,,sesamewords_leveled_list_with_mnemonics.csv
furnish,furnish,v,,sesamewords_leveled_list_with_mnemonics.csv
furthermore,furthermore,adv,,sesamewords_leveled_list_with_mnemonics.csv
fusion,fusion,n,,sesamewords_leveled_list_with_mnemonics.csv
gather,gather,v,,sesamewords_leveled_list_with_mnemonics.csv
genealogy,genealogy,,,sesamewords_leveled_list_with_mnemonics.csv
generous,generous,adj,,sesamewords_leveled_list_with_mnemonics.csv
genesis,genesis,n,,sesamewords_leveled_list_with_mnemonics.csv
genius,genius,n,,sesamewords_leveled_list_with_mnemonics.csv
genuine,genuine,adj,,sesamewords_leveled_list_with_mnemonics.csv
globe,globe,n,,sesamewords_leveled_list_with_mnemonics.csv
gnome,gnome,n,,sesamewords_leveled_list_with_mnemonics.csv
gourmet,gourmet,n,,sesamewords_leveled_list_with_mnemonics.csv
govern,govern,v,,sesamewords_leveled_list_with_mnemonics.csv
grace,grace,n,,sesamewords_leveled_list_with_mnemonics.csv
graceless,graceless,,,sesamewords_leveled_list_with_mnemonics.csv
gradual,gradual,adj,,sesamewords_leveled_list_with_mnemonics.csv
gravity,gravity,n,,sesamewords_leveled_list_with_mnemonics.csv
grill,grill,n,,sesamewords_leveled_list_with_mnemonics.csv
grip,grip,v,,sesamewords_leveled_list_with_mnemonics.csv
guardian,guardian,n,,sesamewords_leveled_list_with_mnemonics.csv
guidance,guidance,n,,sesamewords_leveled_list_with_mnemonics.csv
habitat,habitat,n,,sesamewords_leveled_list_with_mnemonics.csv
harm,harm,n,,sesamewords_leveled_list_with_mnemonics.csv
harmful,harmful,,,sesamewords_leveled_list_with_mnemonics.csv
harmony,harmony,n,,sesamewords_leveled_list_with_mnemonics.csv
harvest,harvest,v,,sesamewords_leveled_list_with_mnemonics.csv
haven,haven,n,,sesamewords_leveled_list_with_mnemonics.csv
hazard,hazard,n,,sesamewords_leveled_list_with_mnemonics.csv
hazardous,hazardous,adj,,sesamewords_leveled_list_with_mnemonics.csv
hence,hence,adv,,sesamewords_leveled_list_with_mnemonics.csv
heritage,heritage,n,,sesamewords_leveled_list_with_mnemonics.csv
hierarchy,hierarchy,n,,sesamewords_leveled_list_with_mnemonics.csv
hint,hint,v,,sesamewords_leveled_list_with_mnemonics.csv
honest,honest,adj,,sesamewords_leveled_list_with_mnemonics.csv
hospitality,hospitality,n,,sesamewords_leveled_list_with_mnemonics.csv
husband,husband,,,sesamewords_leveled_list_with_mnemonics.csv
hybrid,hybrid,n,,sesamewords_leveled_list_with_mnemonics.csv
hypothesis,hypothesis,n,,sesamewords_leveled_list_with_mnemonics.csv
identical,identical,adj,,sesamewords_leveled_list_with_mnemonics.csv
idle,idle,adj,,sesamewords_leveled_list_with_mnemonics.csv
illustrate,illustrate,v,,sesamewords_leveled_list_with_mnemonics.csv
imagine,imagine,v,,sesamewords_leveled_list_with_mnemonics.csv
immigrant,immigrant,n,,sesamewords_leveled_list_with_mnemonics.csv
immune,immune,n,,sesamewords_leveled_list_with_mnemonics.csv
impair,impair,v,,sesamewords_leveled_list_with_mnemonics.csv
imperial,imperial,adj,,sesamewords_leveled_list_with_mnemonics.csv
implication,implication,n,,sesamewords_leveled_list_with_mnemonics.csv
imply,imply,v,,sesamewords_leveled_list_with_mnemonics.csv
impose,impose,v,,sesamewords_leveled_list_with_mnemonics.csv
impossible,impossible,adj,,sesamewords_leveled_list_with_mnemonics.csv
impressive,impressive,adj,,sesamewords_leveled_list_with_mnemonics.csv
inappropriate,inappropriate,adj,,sesamewords_leveled_list_with_mnemonics.csv
incentive,incentive,n,,sesamewords_leveled_list_with_mnemonics.csv
incidence,incidence,n,,sesamewords_leveled_list_with_mnemonics.csv
incident,incident,n,,sesamewords_leveled_list_with_mnemonics.csv
inclusive,inclusive,adj,,sesamewords_leveled_list_with_mnemonics.csv
incredible,incredible,adj,,sesamewords_leveled_list_with_mnemonics.csv
incur,incur,v,,sesamewords_leveled_list_with_mnemonics.csv
independence,independence,n,,sesamewords_leveled_list_with_mnemonics.csv
indication,indication,n,,sesamewords_leveled_list_with_mnemonics.csv
indicator,indicator,n,,sesamewords_leveled_list_with_mnemonics.csv
indigenous,indigenous,adj,,sesamewords_leveled_list_with_mnemonics.csv
indirect,indirect,adj,,sesamewords_leveled_list_with_mnemonics.csv
induce,induce,v,,sesamewords_leveled_list_with_mnemonics.csv
inevitable,inevitable,adj,,sesamewords_leveled_list_with_mnemonics.csv
infection,infection,n,,sesamewords_leveled_list_with_mnemonics.csv
informal,informal,adj,,sesamewords_leveled_list_with_mnemonics.csv
ingredient,ingredient,n,,sesamewords_leveled_list_with_mnemonics.csv
initiate,initiate,v,,sesamewords_leveled_list_with_mnemonics.csv
injure,injure,v,,sesamewords_leveled_list_with_mnemonics.csv
innovation,innovation,n,,sesamewords_leveled_list_with_mnemonics.csv
innovative,innovative,adj,,sesamewords_leveled_list_with_mnemonics.csv
insider,insider,n,,sesamewords_leveled_list_with_mnemonics.csv
insight,insight,n,,sesamewords_leveled_list_with_mnemonics.csv
insightful,insightful,,,sesamewords_leveled_list_with_mnemonics.csv
inspect,inspect,v,,sesamewords_leveled_list_with_mnemonics.csv
inspiration,inspiration,n,,sesamewords_leveled_list_with_mnemonics.csv
institutional,institutional,adj,,sesamewords_leveled_list_with_mnemonics.csv
instructor,instructor,n,,sesamewords_leveled_list_with_mnemonics.csv
instrumental,instrumental,adj,,sesamewords_leveled_list_with_mnemonics.csv
integral,integral,adj,,sesamewords_leveled_list_with_mnemonics.csv
integrity,integrity,n,,sesamewords_leveled_list_with_mnemonics.csv
intellectual,intellectual,n,,sesamewords_leveled_list_with_mnemonics.csv
intended,intended,,,sesamewords_leveled_list_with_mnemonics.csv
intense,intense,adj,,sesamewords_leveled_list_with_mnemonics.csv
intensity,intensity,n,,sesamewords_leveled_list_with_mnemonics.csv
intensive,intensive,adj,,sesamewords_leveled_list_with_mnemonics.csv
intent,intent,adj,,sesamewords_leveled_list_with_mnemonics.csv
inter,inter,v,,sesamewords_leveled_list_with_mnemonics.csv
interact,interact,v,,sesamewords_leveled_list_with_mnemonics.csv
interim,interim,adj,,sesamewords_leveled_list_with_mnemonics.csv
intermediate,intermediate,adj,,sesamewords_leveled_list_with_mnemonics.csv
interpret,interpret,v,,sesamewords_leveled_list_with_mnemonics.csv
interpretation,interpretation,n,,sesamewords_leveled_list_with_mnemonics.csv
interrupt,interrupt,v,,sesamewords_leveled_list_with_mnemonics.csv
interval,interval,n,,sesamewords_leveled_list_with_mnemonics.csv
intervention,intervention,n,,sesamewords_leveled_list_with_mnemonics.csv
intimate,intimate,adj,,sesamewords_leveled_list_with_mnemonics.csv
inventory,inventory,n,,sesamewords_leveled_list_with_mnemonics.csv
investigate,investigate,v,,sesamewords_leveled_list_with_mnemonics.csv
invoke,invoke,v,,sesamewords_leveled_list_with_mnemonics.csv
involvement,involvement,n,,sesamewords_leveled_list_with_mnemonics.csv
isolate,isolate,v,,sesamewords_leveled_list_with_mnemonics.csv
judgment,judgment,n,,sesamewords_leveled_list_with_mnemonics.csv
jungle,jungle,n,,sesamewords_leveled_list_with_mnemonics.csv
jurisdiction,jurisdiction,n,,sesamewords_leveled_list_with_mnemonics.csv
keen,keen,adj,,sesamewords_leveled_list_with_mnemonics.csv
kernel,kernel,n,,sesamewords_leveled_list_with_mnemonics.csv
landmark,landmark,n,,sesamewords_leveled_list_with_mnemonics.csv
latitude,latitude,n,,sesamewords_leveled_list_with_mnemonics.csv
lecture,lecture,n,,sesamewords_leveled_list_with_mnemonics.csv
legacy,legacy,n,,sesamewords_leveled_list_with_mnemonics.csv
legend,legend,n,,sesamewords_leveled_list_with_mnemonics.csv
legitimate,legitimate,adj,,sesamewords_leveled_list_with_mnemonics.csv
leisure,leisure,n,,sesamewords_leveled_list_with_mnemonics.csv
leisurely,leisurely,,,sesamewords_leveled_list_with_mnemonics.csv
levy,levy,v,,sesamewords_leveled_list_with_mnemonics.csv
liable,liable,adj,,sesamewords_leveled_list_with_mnemonics.csv
liberal,liberal,n,,sesamewords_leveled_list_with_mnemonics.csv
liberty,liberty,n,,sesamewords_leveled_list_with_mnemonics.csv
limitation,limitation,n,,sesamewords_leveled_list_with_mnemonics.csv
literacy,literacy,n,,sesamewords_leveled_list_with_mnemonics.csv
literal,literal,adj,,sesamewords_leveled_list_with_mnemonics.csv
litigation,litigation,,,sesamewords_leveled_list_with_mnemonics.csv
lobby,lobby,n,,sesamewords_leveled_list_with_mnemonics.csv
logic,logic,n,,sesamewords_leveled_list_with_mnemonics.csv
logical,logical,adj,,sesamewords_leveled_list_with_mnemonics.csv
luck,luck,n,,sesamewords_leveled_list_with_mnemonics.csv
magnitude,magnitude,n,,sesamewords_leveled_list_with_mnemonics.csv
mandate,mandate,v,,sesamewords_leveled_list_with_mnemonics.csv
mandatory,mandatory,adj,,sesamewords_leveled_list_with_mnemonics.csv
margin,margin,n,,sesamewords_leveled_list_with_mnemonics.csv
martial,martial,adj,,sesamewords_leveled_list_with_mnemonics.csv
mask,mask,,,sesamewords_leveled_list_with_mnemonics.csv
massive,massive,adj,,sesamewords_leveled_list_with_mnemonics.csv
mate,mate,v,,sesamewords_leveled_list_with_mnemonics.csv
maximize,maximize,v,,sesamewords_leveled_list_with_mnemonics.csv
mechanical,mechanical,adj,,sesamewords_leveled_list_with_mnemonics.csv
meditation,meditation,n,,sesamewords_leveled_list_with_mnemonics.csv
membrane,membrane,n,,sesamewords_leveled_list_with_mnemonics.csv
mentor,mentor,v,,sesamewords_leveled_list_with_mnemonics.csv
mere,mere,adj,,sesamewords_leveled_list_with_mnemonics.csv
merge,merge,v,,sesamewords_leveled_list_with_mnemonics.csv
merit,merit,v,,sesamewords_leveled_list_with_mnemonics.csv
merry,merry,adj,,sesamewords_leveled_list_with_mnemonics.csv
methodology,methodology,n,,sesamewords_leveled_list_with_mnemonics.csv
mild,mild,adj,,sesamewords_leveled_list_with_mnemonics.csv
millennium,millennium,n,,sesamewords_leveled_list_with_mnemonics.csv
miniature,miniature,n,,sesamewords_leveled_list_with_mnemonics.csv
minimal,minimal,adj,,sesamewords_leveled_list_with_mnemonics.csv
minimize,minimize,v,,sesamewords_leveled_list_with_mnemonics.csv
missile,missile,n,,sesamewords_leveled_list_with_mnemonics.csv
mistaken,mistaken,,,sesamewords_leveled_list_with_mnemonics.csv
mobility,mobility,n,,sesamewords_leveled_list_with_mnemonics.csv
moderate,moderate,,,sesamewords_leveled_list_with_mnemonics.csv
mood,mood,n,,sesamewords_leveled_list_with_mnemonics.csv
moral,moral,adj,,sesamewords_leveled_list_with_mnemonics.csv
mortality,mortality,n,,sesamewords_leveled_list_with_mnemonics.csv
mutual,mutual,adj,,sesamewords_leveled_list_with_mnemonics.csv
mystery,mystery,n,,sesamewords_leveled_list_with_mnemonics.csv
narrative,narrative,n,,sesamewords_leveled_list_with_mnemonics.csv
navigate,navigate,v,,sesamewords_leveled_list_with_mnemonics.csv
necessity,necessity,n,,sesamewords_leveled_list_with_mnemonics.csv
neglect,neglect,v,,sesamewords_leveled_list_with_mnemonics.csv
negotiate,negotiate,v,,sesamewords_leveled_list_with_mnemonics.csv
neutral,neutral,adj,,sesamewords_leveled_list_with_mnemonics.csv
nevertheless,nevertheless,adv,,sesamewords_leveled_list_with_mnemonics.csv
nickname,nickname,v,,sesamewords_leveled_list_with_mnemonics.csv
norm,norm,n,,sesamewords_leveled_list_with_mnemonics.csv
notable,notable,adj,,sesamewords_leveled_list_with_mnemonics.csv
notion,notion,n,,sesamewords_leveled_list_with_mnemonics.csv
novelty,novelty,n,,sesamewords_leveled_list_with_mnemonics.csv
nutrient,nutrient,n,,sesamewords_leveled_list_with_mnemonics.csv
obligation,obligation,n,,sesamewords_leveled_list_with_mnemonics.csv
occasional,occasional,adj,,sesamewords_leveled_list_with_mnemonics.csv
occupation,occupation,n,,sesamewords_leveled_list_with_mnemonics.csv
occupy,occupy,v,,sesamewords_leveled_list_with_mnemonics.csv
odd,odd,adj,,sesamewords_leveled_list_with_mnemonics.csv
offensive,offensive,n,,sesamewords_leveled_list_with_mnemonics.csv
offset,offset,v,,sesamewords_leveled_list_with_mnemonics.csv
ongoing,ongoing,adj,,sesamewords_leveled_list_with_mnemonics.csv
opponent,opponent,n,,sesamewords_leveled_list_with_mnemonics.csv
oppose,oppose,v,,sesamewords_leveled_list_with_mnemonics.csv
opt,opt,v,,sesamewords_leveled_list_with_mnemonics.csv
opus,opus,n,,sesamewords_leveled_list_with_mnemonics.csv
organism,organism,n,,sesamewords_leveled_list_with_mnemonics.csv
orgy,orgy,n,,sesamewords_leveled_list_with_mnemonics.csv
orient,orient,v,,sesamewords_leveled_list_with_mnemonics.csv
orientation,orientation,n,,sesamewords_leveled_list_with_mnemonics.csv
outlook,outlook,n,,sesamewords_leveled_list_with_mnemonics.csv
overcome,overcome,v,,sesamewords_leveled_list_with_mnemonics.csv
overlap,overlap,v,,sesamewords_leveled_list_with_mnemonics.csv
oversea,oversea,,,sesamewords_leveled_list_with_mnemonics.csv
overwhelm,overwhelm,,,sesamewords_leveled_list_with_mnemonics.csv
parallel,parallel,adj,,sesamewords_leveled_list_with_mnemonics.csv
partial,partial,adj,,sesamewords_leveled_list_with_mnemonics.csv
partition,partition,n,,sesamewords_leveled_list_with_mnemonics.csv
passive,passive,adj,,sesamewords_leveled_list_with_mnemonics.csv
passport,passport,n,,sesamewords_leveled_list_with_mnemonics.csv
pathology,pathology,n,,sesamewords_leveled_list_with_mnemonics.csv
patriot,patriot,n,,sesamewords_leveled_list_with_mnemonics.csv
peer,peer,v,,sesamewords_leveled_list_with_mnemonics.csv
peerless,peerless,,,sesamewords_leveled_list_with_mnemonics.csv
penalty,penalty,n,,sesamewords_leveled_list_with_mnemonics.csv
pend,pend,,,sesamewords_leveled_list_with_mnemonics.csv
peninsula,peninsula,n,,sesamewords_leveled_list_with_mnemonics.csv
perceive,perceive,v,,sesamewords_leveled_list_with_mnemonics.csv
perception,perception,n,,sesamewords_leveled_list_with_mnemonics.csv
peripheral,peripheral,adj,,sesamewords_leveled_list_with_mnemonics.csv
personality,personality,n,,sesamewords_leveled_list_with_mnemonics.csv
phenomenon,phenomenon,n,,sesamewords_leveled_list_with_mnemonics.csv
pi,pi,n,,sesamewords_leveled_list_with_mnemonics.csv
pierce,pierce,v,,sesamewords_leveled_list_with_mnemonics.csv
pleasure,pleasure,n,,sesamewords_leveled_list_with_mnemonics.csv
pledge,pledge,v,,sesamewords_leveled_list_with_mnemonics.csv
plentiful,plentiful,,,sesamewords_leveled_list_with_mnemonics.csv
plumb,plumb,adv,,sesamewords_leveled_list_with_mnemonics.csv
polar,polar,adj,,sesamewords_leveled_list_with_mnemonics.csv
polish,polish,v,,sesamewords_leveled_list_with_mnemonics.csv
portrait,portrait,n,,sesamewords_leveled_list_with_mnemonics.csv
pose,pose,v,,sesamewords_leveled_list_with_mnemonics.csv
possess,possess,v,,sesamewords_leveled_list_with_mnemonics.csv
possibility,possibility,,,sesamewords_leveled_list_with_mnemonics.csv
poverty,poverty,n,,sesamewords_leveled_list_with_mnemonics.csv
practitioner,practitioner,n,,sesamewords_leveled_list_with_mnemonics.csv
prairie,prairie,n,,sesamewords_leveled_list_with_mnemonics.csv
praise,praise,v,,sesamewords_leveled_list_with_mnemonics.csv
precede,precede,v,,sesamewords_leveled_list_with_mnemonics.csv
precious,precious,adj,,sesamewords_leveled_list_with_mnemonics.csv
predict,predict,v,,sesamewords_leveled_list_with_mnemonics.csv
prediction,prediction,n,,sesamewords_leveled_list_with_mnemonics.csv
preliminary,preliminary,adj,,sesamewords_leveled_list_with_mnemonics.csv
premiere,premiere,n,,sesamewords_leveled_list_with_mnemonics.csv
premise,premise,n,,sesamewords_leveled_list_with_mnemonics.csv
prerequisite,prerequisite,n,,sesamewords_leveled_list_with_mnemonics.csv
prescribe,prescribe,v,,sesamewords_leveled_list_with_mnemonics.csv
preserve,preserve,v,,sesamewords_leveled_list_with_mnemonics.csv
privilege,privilege,n,,sesamewords_leveled_list_with_mnemonics.csv
prize,prize,n,,sesamewords_leveled_list_with_mnemonics.csv
probability,probability,,,sesamewords_leveled_list_with_mnemonics.csv
probe,probe,v,,sesamewords_leveled_list_with_mnemonics.csv
proceed,proceed,v,,sesamewords_leveled_list_with_mnemonics.csv
procurement,procurement,n,,sesamewords_leveled_list_with_mnemonics.csv
productive,productive,adj,,sesamewords_leveled_list_with_mnemonics.csv
productivity,productivity,n,,sesamewords_leveled_list_with_mnemonics.csv
profession,profession,n,,sesamewords_leveled_list_with_mnemonics.csv
profitable,profitable,adj,,sesamewords_leveled_list_with_mnemonics.csv
prohibit,prohibit,v,,sesamewords_leveled_list_with_mnemonics.csv
prominent,prominent,adj,,sesamewords_leveled_list_with_mnemonics.csv
prompt,prompt,v,,sesamewords_leveled_list_with_mnemonics.csv
proportion,proportion,n,,sesamewords_leveled_list_with_mnemonics.csv
proprietary,proprietary,n,,sesamewords_leveled_list_with_mnemonics.csv
prospect,prospect,n,,sesamewords_leveled_list_with_mnemonics.csv
prospective,prospective,adj,,sesamewords_leveled_list_with_mnemonics.csv
protest,protest,v,,sesamewords_leveled_list_with_mnemonics.csv
prototype,prototype,n,,sesamewords_leveled_list_with_mnemonics.csv
provincial,provincial,adj,,sesamewords_leveled_list_with_mnemonics.csv
proxy,proxy,n,,sesamewords_leveled_list_with_mnemonics.csv
psychological,psychological,adj,,sesamewords_leveled_list_with_mnemonics.csv
psychology,psychology,n,,sesamewords_leveled_list_with_mnemonics.csv
pursue,pursue,v,,sesamewords_leveled_list_with_mnemonics.csv
qualification,qualification,n,,sesamewords_leveled_list_with_mnemonics.csv
quest,quest,n,,sesamewords_leveled_list_with_mnemonics.csv
quiet,quiet,adj,,sesamewords_leveled_list_with_mnemonics.csv
radical,radical,adj,,sesamewords_leveled_list_with_mnemonics.csv
raid,raid,n,,sesamewords_leveled_list_with_mnemonics.csv
rally,rally,v,,sesamewords_leveled_list_with_mnemonics.csv
rant,rant,v,,sesamewords_leveled_list_with_mnemonics.csv
rational,rational,adj,,sesamewords_leveled_list_with_mnemonics.csv
react,react,v,,sesamewords_leveled_list_with_mnemonics.csv
realistic,realistic,adj,,sesamewords_leveled_list_with_mnemonics.csv
realm,realm,n,,sesamewords_leveled_list_with_mnemonics.csv
rebate,rebate,v,,sesamewords_leveled_list_with_mnemonics.csv
rebel,rebel,n,,sesamewords_leveled_list_with_mnemonics.csv
recall,recall,v,,sesamewords_leveled_list_with_mnemonics.csv
receipt,receipt,n,,sesamewords_leveled_list_with_mnemonics.csv
recipient,recipient,n,,sesamewords_leveled_list_with_mnemonics.csv
recognition,recognition,n,,sesamewords_leveled_list_with_mnemonics.csv
reconstruction,reconstruction,,,sesamewords_leveled_list_with_mnemonics.csv
recover,recover,v,,sesamewords_leveled_list_with_mnemonics.csv
redeem,redeem,v,,sesamewords_leveled_list_with_mnemonics.csv
redirect,redirect,v,,sesamewords_leveled_list_with_mnemonics.csv
refine,refine,v,,sesamewords_leveled_list_with_mnemonics.csv
refund,refund,n,,sesamewords_leveled_list_with_mnemonics.csv
refuse,refuse,v,,sesamewords_leveled_list_with_mnemonics.csv
regime,regime,n,,sesamewords_leveled_list_with_mnemonics.csv
regression,regression,n,,sesamewords_leveled_list_with_mnemonics.csv
reinforce,reinforce,v,,sesamewords_leveled_list_with_mnemonics.csv
reject,reject,v,,sesamewords_leveled_list_with_mnemonics.csv
relax,relax,v,,sesamewords_leveled_list_with_mnemonics.csv
relevance,relevance,n,,sesamewords_leveled_list_with_mnemonics.csv
rely,rely,v,,sesamewords_leveled_list_with_mnemonics.csv
remarkable,remarkable,adj,,sesamewords_leveled_list_with_mnemonics.csv
remedy,remedy,v,,sesamewords_leveled_list_with_mnemonics.csv
remind,remind,v,,sesamewords_leveled_list_with_mnemonics.csv
renaissance,renaissance,n,,sesamewords_leveled_list_with_mnemonics.csv
rend,rend,v,,sesamewords_leveled_list_with_mnemonics.csv
render,render,v,,sesamewords_leveled_list_with_mnemonics.csv
renew,renew,v,,sesamewords_leveled_list_with_mnemonics.csv
replica,replica,n,,sesamewords_leveled_list_with_mnemonics.csv
reproduce,reproduce,v,,sesamewords_leveled_list_with_mnemonics.csv
reproduction,reproduction,n,,sesamewords_leveled_list_with_mnemonics.csv
reputation,reputation,n,,sesamewords_leveled_list_with_mnemonics.csv
reside,reside,v,,sesamewords_leveled_list_with_mnemonics.csv
residue,residue,n,,sesamewords_leveled_list_with_mnemonics.csv
resist,resist,v,,sesamewords_leveled_list_with_mnemonics.csv
resistance,resistance,n,,sesamewords_leveled_list_with_mnemonics.csv
resistant,resistant,adj,,sesamewords_leveled_list_with_mnemonics.csv
resolve,resolve,v,,sesamewords_leveled_list_with_mnemonics.csv
restore,restore,v,,sesamewords_leveled_list_with_mnemonics.csv
restrict,restrict,v,,sesamewords_leveled_list_with_mnemonics.csv
retain,retain,,,sesamewords_leveled_list_with_mnemonics.csv
retire,retire,v,,sesamewords_leveled_list_with_mnemonics.csv
retreat,retreat,v,,sesamewords_leveled_list_with_mnemonics.csv
reverse,reverse,v,,sesamewords_leveled_list_with_mnemonics.csv
revolution,revolution,n,,sesamewords_leveled_list_with_mnemonics.csv
revolutionary,revolutionary,adj,,sesamewords_leveled_list_with_mnemonics.csv
reward,reward,n,,sesamewords_leveled_list_with_mnemonics.csv
ridge,ridge,n,,sesamewords_leveled_list_with_mnemonics.csv
rival,rival,v,,sesamewords_leveled_list_with_mnemonics.csv
robust,robust,adj,,sesamewords_leveled_list_with_mnemonics.csv
rocky,rocky,adj,,sesamewords_leveled_list_with_mnemonics.csv
romance,romance,n,,sesamewords_leveled_list_with_mnemonics.csv
roster,roster,n,,sesamewords_leveled_list_with_mnemonics.csv
routine,routine,n,,sesamewords_leveled_list_with_mnemonics.csv
ruin,ruin,v,,sesamewords_leveled_list_with_mnemonics.csv
sacrifice,sacrifice,v,,sesamewords_leveled_list_with_mnemonics.csv
sage,sage,n,,sesamewords_leveled_list_with_mnemonics.csv
sanction,sanction,v,,sesamewords_leveled_list_with_mnemonics.csv
satisfaction,satisfaction,n,,sesamewords_leveled_list_with_mnemonics.csv
savanna,savanna,n,,sesamewords_leveled_list_with_mnemonics.csv
scenario,scenario,n,,sesamewords_leveled_list_with_mnemonics.csv
scent,scent,n,,sesamewords_leveled_list_with_mnemonics.csv
scholar,scholar,n,,sesamewords_leveled_list_with_mnemonics.csv
scholarly,scholarly,,,sesamewords_leveled_list_with_mnemonics.csv
selective,selective,adj,,sesamewords_leveled_list_with_mnemonics.csv
sensitive,sensitive,adj,,sesamewords_leveled_list_with_mnemonics.csv
sensitivity,sensitivity,n,,sesamewords_leveled_list_with_mnemonics.csv
severe,severe,adj,,sesamewords_leveled_list_with_mnemonics.csv
sheer,sheer,adj,,sesamewords_leveled_list_with_mnemonics.csv
shock,shock,n,,sesamewords_leveled_list_with_mnemonics.csv
sierra,sierra,n,,sesamewords_leveled_list_with_mnemonics.csv
similarity,similarity,n,,sesamewords_leveled_list_with_mnemonics.csv
simplify,simplify,v,,sesamewords_leveled_list_with_mnemonics.csv
simulate,simulate,v,,sesamewords_leveled_list_with_mnemonics.csv
simultaneous,simultaneous,adj,,sesamewords_leveled_list_with_mnemonics.csv
sincere,sincere,adj,,sesamewords_leveled_list_with_mnemonics.csv
situate,situate,v,,sesamewords_leveled_list_with_mnemonics.csv
skirt,skirt,n,,sesamewords_leveled_list_with_mnemonics.csv
solar,solar,adj,,sesamewords_leveled_list_with_mnemonics.csv
sole,sole,n,,sesamewords_leveled_list_with_mnemonics.csv
somewhat,somewhat,adv,,sesamewords_leveled_list_with_mnemonics.csv
spare,spare,v,,sesamewords_leveled_list_with_mnemonics.csv
spatial,spatial,adj,,sesamewords_leveled_list_with_mnemonics.csv
spectrum,spectrum,n,,sesamewords_leveled_list_with_mnemonics.csv
sphere,sphere,n,,sesamewords_leveled_list_with_mnemonics.csv
spiritual,spiritual,adj,,sesamewords_leveled_list_with_mnemonics.csv
stability,stability,n,,sesamewords_leveled_list_with_mnemonics.csv
stable,stable,adj,,sesamewords_leveled_list_with_mnemonics.csv
statute,statute,n,,sesamewords_leveled_list_with_mnemonics.csv
steady,steady,adj,,sesamewords_leveled_list_with_mnemonics.csv
stem,stem,n,,sesamewords_leveled_list_with_mnemonics.csv
stimulate,stimulate,v,,sesamewords_leveled_list_with_mnemonics.csv
strive,strive,v,,sesamewords_leveled_list_with_mnemonics.csv
struggle,struggle,n,,sesamewords_leveled_list_with_mnemonics.csv
sublime,sublime,adj,,sesamewords_leveled_list_with_mnemonics.csv
subsequent,subsequent,adj,,sesamewords_leveled_list_with_mnemonics.csv
subsidiary,subsidiary,n,,sesamewords_leveled_list_with_mnemonics.csv
substantial,substantial,adj,,sesamewords_leveled_list_with_mnemonics.csv
substitute,substitute,v,,sesamewords_leveled_list_with_mnemonics.csv
succeed,succeed,v,,sesamewords_leveled_list_with_mnemonics.csv
suitable,suitable,adj,,sesamewords_leveled_list_with_mnemonics.csv
sum,sum,n,,sesamewords_leveled_list_with_mnemonics.csv
summit,summit,v,,sesamewords_leveled_list_with_mnemonics.csv
suppose,suppose,v,,sesamewords_leveled_list_with_mnemonics.csv
supreme,supreme,adj,,sesamewords_leveled_list_with_mnemonics.csv
surge,surge,v,,sesamewords_leveled_list_with_mnemonics.csv
surround,surround,v,,sesamewords_leveled_list_with_mnemonics.csv
surveillance,surveillance,n,,sesamewords_leveled_list_with_mnemonics.csv
survive,survive,v,,sesamewords_leveled_list_with_mnemonics.csv
suspect,suspect,v,,sesamewords_leveled_list_with_mnemonics.csv
suspend,suspend,v,,sesamewords_leveled_list_with_mnemonics.csv
sustain,sustain,v,,sesamewords_leveled_list_with_mnemonics.csv
swift,swift,adj,,sesamewords_leveled_list_with_mnemonics.csv
symptom,symptom,n,,sesamewords_leveled_list_with_mnemonics.csv
synthesis,synthesis,n,,sesamewords_leveled_list_with_mnemonics.csv
talent,talent,n,,sesamewords_leveled_list_with_mnemonics.csv
temporary,temporary,adj,,sesamewords_leveled_list_with_mnemonics.csv
tend,tend,v,,sesamewords_leveled_list_with_mnemonics.csv
tension,tension,n,,sesamewords_leveled_list_with_mnemonics.csv
terminate,terminate,v,,sesamewords_leveled_list_with_mnemonics.csv
termination,termination,n,,sesamewords_leveled_list_with_mnemonics.csv
texture,texture,n,,sesamewords_leveled_list_with_mnemonics.csv
theoretical,theoretical,adj,,sesamewords_leveled_list_with_mnemonics.csv
therapeutic,therapeutic,adj,,sesamewords_leveled_list_with_mnemonics.csv
thereby,thereby,adv,,sesamewords_leveled_list_with_mnemonics.csv
thermal,thermal,adj,,sesamewords_leveled_list_with_mnemonics.csv
thesis,thesis,n,,sesamewords_leveled_list_with_mnemonics.csv
thorough,thorough,adj,,sesamewords_leveled_list_with_mnemonics.csv
threaten,threaten,v,,sesamewords_leveled_list_with_mnemonics.csv
timely,timely,adj,,sesamewords_leveled_list_with_mnemonics.csv
tolerance,tolerance,n,,sesamewords_leveled_list_with_mnemonics.csv
toxic,toxic,adj,,sesamewords_leveled_list_with_mnemonics.csv
trace,trace,v,,sesamewords_leveled_list_with_mnemonics.csv
tract,tract,n,,sesamewords_leveled_list_with_mnemonics.csv
tradition,tradition,n,,sesamewords_leveled_list_with_mnemonics.csv
transcription,transcription,n,,sesamewords_leveled_list_with_mnemonics.csv
transform,transform,v,,sesamewords_leveled_list_with_mnemonics.csv
transformation,transformation,n,,sesamewords_leveled_list_with_mnemonics.csv
transformative,transformative,,,sesamewords_leveled_list_with_mnemonics.csv
transit,transit,n,,sesamewords_leveled_list_with_mnemonics.csv
transition,transition,n,,sesamewords_leveled_list_with_mnemonics.csv
translate,translate,v,,sesamewords_leveled_list_with_mnemonics.csv
transmit,transmit,v,,sesamewords_leveled_list_with_mnemonics.csv
transparent,transparent,adj,,sesamewords_leveled_list_with_mnemonics.csv
trap,trap,n,,sesamewords_leveled_list_with_mnemonics.csv
trek,trek,v,,sesamewords_leveled_list_with_mnemonics.csv
tribute,tribute,n,,sesamewords_leveled_list_with_mnemonics.csv
trigger,trigger,n,,sesamewords_leveled_list_with_mnemonics.csv
trio,trio,n,,sesamewords_leveled_list_with_mnemonics.csv
tropical,tropical,adj,,sesamewords_leveled_list_with_mnemonics.csv
twist,twist,v,,sesamewords_leveled_list_with_mnemonics.csv
uncertainty,uncertainty,n,,sesamewords_leveled_list_with_mnemonics.csv
undergo,undergo,v,,sesamewords_leveled_list_with_mnemonics.csv
underground,underground,adj,,sesamewords_leveled_list_with_mnemonics.csv
underlie,underlie,v,,sesamewords_leveled_list_with_mnemonics.csv
understanding,understanding,,,sesamewords_leveled_list_with_mnemonics.csv
undertake,undertake,v,,sesamewords_leveled_list_with_mnemonics.csv
undo,undo,v,,sesamewords_leveled_list_with_mnemonics.csv
unemployment,unemployment,n,,sesamewords_leveled_list_with_mnemonics.csv
unexpected,unexpected,adj,,sesamewords_leveled_list_with_mnemonics.csv
uniform,uniform,n,,sesamewords_leveled_list_with_mnemonics.csv
unlikely,unlikely,adj,,sesamewords_leveled_list_with_mnemonics.csv
unlimited,unlimited,adj,,sesamewords_leveled_list_with_mnemonics.csv
unusual,unusual,adj,,sesamewords_leveled_list_with_mnemonics.csv
urgent,urgent,adj,,sesamewords_leveled_list_with_mnemonics.csv
utilize,utilize,v,,sesamewords_leveled_list_with_mnemonics.csv
validate,validate,v,,sesamewords_leveled_list_with_mnemonics.csv
valuable,valuable,adj,,sesamewords_leveled_list_with_mnemonics.csv
variation,variation,n,,sesamewords_leveled_list_with_mnemonics.csv
vast,vast,adj,,sesamewords_leveled_list_with_mnemonics.csv
vat,vat,n,,sesamewords_leveled_list_with_mnemonics.csv
vector,vector,n,,sesamewords_leveled_list_with_mnemonics.csv
velocity,velocity,n,,sesamewords_leveled_list_with_mnemonics.csv
vent,vent,v,,sesamewords_leveled_list_with_mnemonics.csv
venture,venture,v,,sesamewords_leveled_list_with_mnemonics.csv
vertex,vertex,,,sesamewords_leveled_list_with_mnemonics.csv
vertical,vertical,adj,,sesamewords_leveled_list_with_mnemonics.csv
veteran,veteran,adj,,sesamewords_leveled_list_with_mnemonics.csv
victor,victor,n,,sesamewords_leveled_list_with_mnemonics.csv
violation,violation,n,,sesamewords_leveled_list_with_mnemonics.csv
violent,violent,adj,,sesamewords_leveled_list_with_mnemonics.csv
virtue,virtue,n,,sesamewords_leveled_list_with_mnemonics.csv
visible,visible,adj,,sesamewords_leveled_list_with_mnemonics.csv
vista,vista,n,,sesamewords_leveled_list_with_mnemonics.csv
vital,vital,adj,,sesamewords_leveled_list_with_mnemonics.csv
voluntary,voluntary,adj,,sesamewords_leveled_list_with_mnemonics.csv
vulnerable,vulnerable,adj,,sesamewords_leveled_list_with_mnemonics.csv
wage,wage,n,,sesamewords_leveled_list_with_mnemonics.csv
waiver,waiver,n,,sesamewords_leveled_list_with_mnemonics.csv
warrant,warrant,v,,sesamewords_leveled_list_with_mnemonics.csv
weakness,weakness,,,sesamewords_leveled_list_with_mnemonics.csv
wealth,wealth,n,,sesamewords_leveled_list_with_mnemonics.csv
welfare,welfare,n,,sesamewords_leveled_list_with_mnemonics.csv
wetland,wetland,n,,sesamewords_leveled_list_with_mnemonics.csv
whereas,whereas,,,sesamewords_leveled_list_with_mnemonics.csv
wisdom,wisdom,n,,sesamewords_leveled_list_with_mnemonics.csv
withdrawal,withdrawal,n,,sesamewords_leveled_list_with_mnemonics.csv
witness,witness,v,,sesamewords_leveled_list_with_mnemonics.csv
worry,worry,v,,sesamewords_leveled_list_with_mnemonics.csv
worthy,worthy,adj,,sesamewords_leveled_list_with_mnemonics.csv
yield,yield,v,,sesamewords_leveled_list_with_mnemonics.csv
