word,part_of_speech,definition,example_sentence
acoustic,adj,"Relating to sound or hearing.","“The concert hall has excellent acoustic properties.”"
ambiguous,adj,"Open to multiple interpretations.","“Her response was ambiguous and left room for doubt.”"
amorphous,adj,"Lacking a clear structure or form.","“The painting had an amorphous quality.”"
anachronistic,adj,"Belonging to a different historical period.","“The film’s costumes were anachronistic.”"
analogous,adj,"Similar in some way.","“The relationship between the two species is analogous to that of wolves and dogs.”"
anecdotal,adj,"Based on personal accounts rather than facts or research.","“The evidence was largely anecdotal, making it difficult to draw firm conclusions.”"
anomalous,adj,"Deviating from the norm or expectations.","“The scientist noted an anomalous result in the experiment.”"
arduous,adj,"Requiring great effort or endurance.","“The hikers faced an arduous climb up the steep mountain.”"
assiduous,adj,"Showing great care and perseverance.","“Her assiduous work ethic earned her a promotion at the company.”"
auspicious,adj,"Indicating a favorable outcome or success.","“The clear skies were an auspicious sign for the outdoor wedding.”"
austere,adj,"Severe or strict in manner; lacking luxury.","“The monastery had an austere lifestyle with minimal comforts.”"
basaltic,adj,"Related to volcanic rock or lava.","“The island was covered in basaltic formations created by ancient lava flows.”"
bellicose,adj,"Demonstrating aggression or a willingness to fight.","“His bellicose remarks escalated the argument.”"
benevolent,adj,"Well-meaning and kindly.","“The benevolent organization provided food and shelter for the needy.”"
candid,adj,"Honest and straightforward.","“She gave a candid response about her feelings.”"
capacious,adj,"Having a lot of space; roomy.","“The capacious backpack easily fit all of his belongings.”"
capricious,adj,"Given to sudden changes in mood or behavior.","“His capricious nature made it difficult to predict his decisions.”"
celestial,adj,"Related to the sky or outer space.","“The telescope revealed celestial bodies never seen before.”"
cogent,adj,"Convincing and logical.","“Her cogent argument persuaded the jury.”"
coherent,adj,"Clear and logical in thought or speech.","“His speech was well-structured and coherent.”"
coiled,adj,"Wound into a series of loops or spirals.","“The rope was coiled neatly on the dock.”"
commensurate,adj,"Corresponding in size, amount, or degree.","“The salary was commensurate with her experience.”"
compelling,adj,"Evoking interest or attention; convincing.","“The lawyer presented a compelling case.”"
complacent,adj,"Satisfied with oneself to a fault.","“He became complacent after winning several competitions.”"
conclusive,adj,"Providing a final decision or result.","“The DNA evidence was conclusive in solving the case.”"
conducive,adj,"Making a certain outcome likely or possible.","“A quiet environment is conducive to studying.”"
consequential,adj,"Significant or important.","“His actions had consequential effects on the company.”"
consolidated,adj,"Combined or made stronger.","“The company consolidated its branches into one headquarters.”"
conspicuous,adj,"Easily noticeable or attracting attention.","“Her bright red dress was conspicuous in the crowd.”"
"contingent on",adj,"Dependent on certain conditions.","“Her promotion was contingent on her performance.”"
controversial,adj,"Causing disagreement or debate.","“The new law was highly controversial.”"
conventional,adj,"Based on tradition or what is generally accepted.","“He prefers conventional methods of teaching.”"
convoluted,adj,"Complicated and difficult to understand.","“The professor’s explanation was too convoluted.”"
copious,adj,"Abundant or plentiful.","“She took copious notes during the lecture.”"
corrugated,adj,"Shaped into alternating ridges and grooves.","“The corrugated metal roof was rusted.”"
cumulative,adj,"Increasing or growing over time.","“The cumulative effects of stress can impact health.”"
decisive,adj,"Determining an outcome or showing firmness.","“Her decisive leadership helped the team succeed.”"
deleterious,adj,"Harmful or damaging.","“Smoking has deleterious effects on health.”"
desultory,adj,"Lacking a clear plan or purpose.","“His desultory speech confused the audience.”"
detrimental,adj,"Causing harm or damage.","“Excessive screen time can be detrimental to eye health.”"
discernible,adj,"Noticeable or able to be perceived.","“There was a discernible improvement in his work.”"
discordant,adj,"Lacking harmony or agreement.","“Their discordant opinions led to heated arguments.”"
dissimilar,adj,"Not alike; different.","“Their viewpoints are completely dissimilar.”"
distinctive,adj,"Having a unique or distinguishing quality.","“His distinctive voice made him a recognizable singer.”"
divergent,adj,"Developing in different directions.","“Their career paths became increasingly divergent.”"
dormant,adj,"Inactive or temporarily not in use.","“The volcano has been dormant for centuries.”"
dubious,adj,"Doubtful or questionable.","“His dubious claims were met with skepticism.”"
earnest,adj,"Showing sincere and intense conviction.","“She gave an earnest apology for her mistake.”"
eloquent,adj,"Fluent and persuasive in speech or writing.","“The senator gave an eloquent speech about equality.”"
eminent,adj,"Famous and respected in a field.","“She is an eminent scientist in the field of genetics.”"
empirical,adj,"Based on observation or experience rather than theory.","“Empirical data is crucial for scientific research.”"
ephemeral,adj,"Lasting for a very short time.","“The beauty of a sunset is ephemeral.”"
equivalent,adj,"Equal in value, function, or meaning.","“One euro is roughly equivalent to one dollar.”"
erratic,adj,"Unpredictable or inconsistent.","“His erratic driving made the passengers nervous.”"
erudite,adj,"Having great knowledge or learning.","“The professor’s lecture was erudite and insightful.”"
esoteric,adj,"Intended for or understood by only a small group.","“Quantum physics is an esoteric subject for many people.”"
exorbitant,adj,"Unreasonably high or excessive.","“The hotel charged an exorbitant fee for parking.”"
extensive,adj,"Covering a large area or amount.","“The library has an extensive collection of rare books.”"
fastidious,adj,"Very attentive to detail and accuracy.","“She was fastidious about organizing her books by genre and author.”"
fortuitous,adj,"Happening by chance, often in a lucky way.","“A fortuitous discovery of an ancient artifact changed the course of the excavation.”"
gregarious,adj,"Sociable and enjoying the company of others.","“He was a gregarious person who made friends easily.”"
heuristic,adj,"Enabling a person to discover or learn something for themselves.","“The teacher used a heuristic approach to problem-solving.”"
homogeneous,adj,"Consisting of parts that are all of the same kind.","“The town had a relatively homogeneous population with shared cultural traditions.”"
idiosyncratic,adj,"Peculiar or individual in nature.","“His idiosyncratic way of speaking made him stand out in meetings.”"
immense,adj,"Extremely large or great.","“The ocean’s immense depth makes it difficult to explore.”"
immutable,adj,"Unchanging over time or unable to be changed.","“The laws of physics are considered immutable.”"
impenetrable,adj,"Impossible to pass through or understand.","“The dense forest was nearly impenetrable.”"
imperative,adj,"Of vital importance; crucial.","“It is imperative that we address climate change immediately.”"
imperceptible,adj,"Impossible to perceive.","“The difference in weight was imperceptible to the touch.”"
impetuous,adj,"Acting quickly without thought or care.","“His impetuous decision to quit his job surprised everyone.”"
imprecise,adj,"Not exact or accurate.","“His instructions were too imprecise to be useful.”"
inadvertent,adj,"Not resulting from deliberate planning; unintentional.","“His inadvertent mistake cost the company thousands.”"
inconclusive,adj,"Not leading to a firm conclusion.","“The test results were inconclusive and required further analysis.”"
incongruous,adj,"Not in harmony or keeping with the surroundings.","“His bright red shoes were incongruous with his otherwise formal attire.”"
indecipherable,adj,"Impossible to read or understand.","“The ancient script was indecipherable without the help of linguists.”"
indelible,adj,"Impossible to remove, forget, or erase.","“The tragic event left an indelible mark on her memory.”"
indeterminate,adj,"Not exactly known, established, or defined.","“The cause of the explosion remains indeterminate.”"
ineffable,adj,"Too great or extreme to be expressed in words.","“The beauty of the sunset was ineffable.”"
ineffectual,adj,"Not producing the desired effect.","“The negotiations were ineffectual, leading to a continued stalemate.”"
inevitable,adj,"Certain to happen; unavoidable.","“With the rising costs, price increases seemed inevitable.”"
inexorable,adj,"Impossible to stop or prevent.","“The passage of time is inexorable.”"
inherent,adj,"Existing as a natural or essential characteristic.","“The risks of surgery are inherent to the procedure.”"
inhibitory,adj,"Serving to slow down or restrain a process.","“The drug has an inhibitory effect on nerve signals.”"
insatiable,adj,"Impossible to satisfy.","“His insatiable curiosity led him to read every book in the library.”"
insightful,adj,"Having deep understanding or perception.","“Her insightful comments added depth to the discussion.”"
insipid,adj,"Lacking flavor, interest, or vigor.","“The lecture was insipid, putting the students to sleep.”"
inspired,adj,"Filled with creativity or motivation.","“His inspired speech moved the audience.”"
insular,adj,"Isolated or having a narrow viewpoint.","“The small town had an insular culture, resistant to change.”"
integral,adj,"Essential or necessary for completeness.","“A good education is integral to success.”"
intertwined,adj,"Closely connected or twisted together.","“Their lives became intertwined after years of friendship.”"
intransigent,adj,"Unwilling to change one’s views or agree.","“The two sides remained intransigent during negotiations.”"
intricate,adj,"Very detailed and complicated.","“The artist’s intricate designs took months to complete.”"
intrinsic,adj,"Belonging naturally; essential.","“The intrinsic value of gold makes it a desirable asset.”"
inventive,adj,"Creative and original.","“The scientist was known for his inventive problem-solving skills.”"
lacking,adj,"Missing or deficient in some way.","“His argument was lacking evidence to support his claim.”"
latent,adj,"Existing but not yet developed or visible.","“His latent talent for painting emerged later in life.”"
legitimate,adj,"Conforming to laws, rules, or accepted standards.","“The business had a legitimate claim to the property.”"
lucid,adj,"Clear and easy to understand.","“Her explanation was so lucid that even a beginner could grasp the concept.”"
magnanimous,adj,"Generous, forgiving, or noble in spirit.","“Despite their rivalry, she was magnanimous in victory.”"
malleable,adj,"Easily shaped, influenced, or adaptable.","“Gold is highly malleable and can be hammered into thin sheets.”"
mellifluous,adj,"Pleasantly smooth and musical to hear.","“The singer’s mellifluous voice captivated the audience.”"
mercurial,adj,"Subject to sudden or unpredictable changes.","“His mercurial temperament made him difficult to work with.”"
meticulous,adj,"Extremely careful and precise.","“She was meticulous in organizing her research notes.”"
misanthropic,adj,"Disliking or avoiding human society.","“The misanthropic old man rarely spoke to his neighbors.”"
monumental,adj,"Extremely large, significant, or important.","“The discovery was a monumental achievement in the field of medicine.”"
morphological,adj,"Related to the form or structure of things.","“The morphological differences between species help scientists classify them.”"
multifaceted,adj,"Having many aspects or dimensions.","“Her research took a multifaceted approach to solving the problem.”"
mundane,adj,"Ordinary, lacking excitement, or routine.","“He found his office job mundane and uninspiring.”"
munificent,adj,"Very generous.","“The munificent donor contributed millions to the university.”"
nascent,adj,"Just beginning to develop.","“The nascent technology showed great promise.”"
nebulous,adj,"Vague, unclear, or ill-defined.","“His explanation was too nebulous to be understood.”"
nominal,adj,"Existing in name only, or very small in amount.","“He was the nominal leader, but the real power lay elsewhere.”"
novel,adj,"New, original, or different from anything seen before.","“Her novel approach to the problem impressed her colleagues.”"
nuanced,adj,"Characterized by subtle distinctions or variations.","“Her argument was well-structured and highly nuanced.”"
obdurate,adj,"Stubbornly refusing to change one’s opinion or course of action.","“Despite the evidence, he remained obdurate in his stance.”"
oblique,adj,"Indirect or not straightforward.","“His oblique answer made it hard to determine his true intentions.”"
obscure,adj,"Not well known or difficult to understand.","“The professor referenced an obscure 18th-century philosopher.”"
obsequious,adj,"Excessively submissive or eager to please.","“The obsequious assistant praised her boss at every opportunity.”"
obsolete,adj,"No longer in use or out of date.","“VCRs have become obsolete with the rise of streaming services.”"
obstinate,adj,"Stubbornly refusing to change one’s mind.","“The child was obstinate about not eating his vegetables.”"
obtrusive,adj,"Noticeable in an unwelcome or intrusive way.","“His loud behavior was obtrusive in the quiet library.”"
onerous,adj,"Burdensome or involving great effort.","“The new regulations placed onerous demands on small businesses.”"
opaque,adj,"Not transparent or difficult to understand.","“The explanation was so opaque that few people grasped the concept.”"
operative,adj,"Functioning or having an effect.","“Only the last clause of the contract is operative.”"
opulent,adj,"Rich and luxurious.","“The palace was decorated in an opulent style.”"
ostensible,adj,"Stated or appearing to be true, but not necessarily so.","“His ostensible purpose was to help, but he had ulterior motives.”"
ostentatious,adj,"Showy or designed to impress.","“The millionaire’s ostentatious display of wealth included gold-plated furniture.”"
overarching,adj,"Comprehensive or all-encompassing.","“The overarching theme of the novel was redemption.”"
perceptible,adj,"Able to be noticed or felt.","“There was a perceptible change in his attitude.”"
peripheral,adj,"Relating to or situated on the edge; not central.","“The details were peripheral to the main argument.”"
perspicacious,adj,"Having keen insight or understanding.","“The detective was perspicacious, noticing clues that others missed.”"
pervasive,adj,"Spreading widely throughout an area or group.","“The smell of fresh bread was pervasive in the bakery.”"
plausible,adj,"Seeming reasonable or likely.","“Her excuse for being late was plausible.”"
pragmatic,adj,"Dealing with things sensibly and realistically.","“She took a pragmatic approach to solving the problem.”"
precarious,adj,"Not secure; risky or unstable.","“His financial situation was precarious after losing his job.”"
precipitous,adj,"Dangerously high or steep; sudden and dramatic.","“The company’s precipitous decline worried investors.”"
precocious,adj,"Having developed certain abilities at an earlier age than usual.","“The precocious child could read at age three.”"
preconceived,adj,"Formed before having full knowledge or experience.","“She entered the debate with a preconceived notion of who was right.”"
predetermined,adj,"Decided or set in advance.","“The outcome of the competition seemed predetermined.”"
predictive,adj,"Relating to the ability to predict future events.","“The scientist used predictive models to forecast climate changes.”"
prescient,adj,"Having foresight or knowing something before it happens.","“Her prescient advice helped us avoid financial trouble.”"
presumptive,adj,"Based on probability or assumption.","“His presumptive diagnosis was confirmed after further tests.”"
prevalent,adj,"Widespread or commonly occurring.","“Influenza is particularly prevalent in winter.”"
pristine,adj,"In its original, untouched condition.","“The pristine beach had not been disturbed by tourists.”"
prodigious,adj,"Remarkably large or impressive.","“She displayed prodigious talent at a young age.”"
profound,adj,"Deep, insightful, or intense.","“The professor’s lecture left a profound impact on the students.”"
prolific,adj,"Producing a large amount of something.","“The author was prolific, publishing multiple novels each year.”"
provisional,adj,"Temporary or conditional.","“His license was provisional until he passed the final test.”"
qualitative,adj,"Relating to the characteristics or qualities of something.","“The research focused on qualitative data rather than numerical statistics.”"
quantifiable,adj,"Able to be measured or counted.","“The economic benefits of the project are easily quantifiable.”"
quintessential,adj,"Representing the most typical or ideal example.","“Shakespeare is considered the quintessential English playwright.”"
quixotic,adj,"Unrealistically idealistic.","“His quixotic plan to end world hunger lacked practical solutions.”"
recalcitrant,adj,"Resistant to authority or control.","“The recalcitrant student refused to follow the teacher’s instructions.”"
reciprocal,adj,"Given, felt, or done in return.","“Their relationship was built on reciprocal trust and respect.”"
remedial,adj,"Intended to correct or improve something.","“He enrolled in remedial classes to improve his reading skills.”"
reticent,adj,"Reserved or reluctant to speak.","“Despite being reticent, he shared his thoughts when asked.”"
retrospective,adj,"Looking back on past events.","“The artist held a retrospective exhibition of his early works.”"
rudimentary,adj,"Basic or elementary.","“He had only a rudimentary understanding of physics.”"
sagacious,adj,"Wise and insightful.","“The sagacious leader made thoughtful decisions.”"
salient,adj,"Most noticeable or important.","“The salient feature of the painting was its vibrant colors.”"
sanguine,adj,"Optimistic or hopeful.","“Despite the challenges, he remained sanguine about the future.”"
sequential,adj,"Arranged in a logical order.","“The instructions must be followed in a sequential manner.”"
serendipitous,adj,"Occurring by chance in a happy way.","“Their meeting at the café was completely serendipitous.”"
singular,adj,"Unique or extraordinary.","“Her singular talent set her apart from other musicians.”"
spatial,adj,"Related to space or physical dimensions.","“The architect had strong spatial awareness.”"
spurious,adj,"False or not genuine.","“The claim was spurious and lacked evidence.”"
stringent,adj,"Strict or precise.","“The safety regulations were very stringent.”"
succinct,adj,"Brief and to the point.","“His explanation was clear and succinct.”"
superfluous,adj,"Unnecessary or excessive.","“The report contained superfluous details.”"
surreptitious,adj,"Done secretly.","“She cast a surreptitious glance at the clock.”"
symbiotic,adj,"Mutually beneficial.","“Their business partnership was symbiotic.”"
systematic,adj,"Done in an organized way.","“His approach to problem-solving was systematic.”"
tacit,adj,"Understood without being spoken.","“There was a tacit agreement between them.”"
taciturn,adj,"Reserved or silent.","“The taciturn man rarely spoke in meetings.”"
tangible,adj,"Able to be touched or felt.","“The evidence presented in court was tangible.”"
tenacious,adj,"Holding firmly to something.","“She had a tenacious grip on her beliefs.”"
tentative,adj,"Not certain or fixed.","“They made a tentative agreement.”"
tenuous,adj,"Weak or insubstantial.","“His argument was tenuous and lacked support.”"
theoretical,adj,"Based on ideas rather than practice.","“His research was highly theoretical.”"
transitory,adj,"Temporary or short-lived.","“The storm had only a transitory effect.”"
trenchant,adj,"Sharp or incisive.","“His trenchant critique was difficult to ignore.”"
turbulent,adj,"Chaotic or unstable.","“The country went through a turbulent period.”"
ubiquitous,adj,"Present everywhere.","“Smartphones have become ubiquitous in modern life.”"
unequivocal,adj,"Clear and unambiguous.","“Her statement was unequivocal and firm.”"
unfounded,adj,"Not based on facts.","“The rumor was completely unfounded.”"
universal,adj,"Present everywhere.","“Human rights should be universal.”"
unoriginal,adj,"Lacking novelty.","“The movie’s plot felt unoriginal.”"
unprecedented,adj,"Never seen before.","“The crisis was unprecedented in scale.”"
variable,adj,"Likely to change.","“The weather here is highly variable.”"
veritable,adj,"Real or genuine.","“It was a veritable feast.”"
vindictive,adj,"Seeking revenge.","“She had a vindictive streak.”"
vivid,adj,"Bright or lifelike.","“She had a vivid imagination.”"
vociferous,adj,"Loud and forceful.","“The crowd was vociferous in its demands.”"
voracious,adj,"Having a great appetite.","“He was a voracious reader.”"
