word,part_of_speech,definition,example_sentence,mnemonic,difficulty,source,quality_score,date_added
abundance,noun,"A large quantity of something.","“The farmer was pleased with the abundance of crops this season.”","",advanced,RobertsGuide,4,2025-08-29T16:36:47.103402
acclaim,verb,"To praise enthusiastically.","“The critic acclaimed the novel as a masterpiece.”","",advanced,RobertsGuide,4,2025-08-29T16:36:47.103551
accolade,noun,"An award or special recognition.","“She received an accolade for her outstanding performance.”","",advanced,RobertsGuide,4,2025-08-29T16:36:47.103565
acoustic,adj,"Relating to sound or hearing.","“The concert hall has excellent acoustic properties.”","",advanced,RobertsGuide,4,2025-08-29T16:36:47.103574
acquiesce,verb,"To accept or comply without protest.","“She acquiesced to her supervisor’s request.”","",advanced,RobertsGuide,4,2025-08-29T16:36:47.103582
acquired,verb,"To gain or obtain.","“He acquired a new skill through practice.”","",advanced,RobertsGuide,4,2025-08-29T16:36:47.103589
"adapt to",verb,"To adjust to new conditions.","“He adapted quickly to the colder climate.”","",advanced,RobertsGuide,4,2025-08-29T16:36:47.103595
adversity,noun,"Difficulties or misfortune.","“Despite adversity, she remained determined to succeed.”","",advanced,RobertsGuide,4,2025-08-29T16:36:47.103602
allocate,verb,"To distribute resources for a particular purpose.","“The government allocated funds for education.”","",advanced,RobertsGuide,4,2025-08-29T16:36:47.103609
alludes,verb,"To refer to something indirectly.","“The book alludes to historical events.”","",advanced,RobertsGuide,4,2025-08-29T16:36:47.103615
ambiguity,noun,"Uncertainty or lack of clarity.","“The ambiguity of the statement caused confusion.”","",advanced,RobertsGuide,4,2025-08-29T16:36:47.103622
ambiguous,adj,"Open to multiple interpretations.","“Her response was ambiguous and left room for doubt.”","",advanced,RobertsGuide,4,2025-08-29T16:36:47.103629
ambivalence,noun,"Mixed feelings or contradictory attitudes.","“His ambivalence about moving was evident.”","",advanced,RobertsGuide,4,2025-08-29T16:36:47.103635
amorphous,adj,"Lacking a clear structure or form.","“The painting had an amorphous quality.”","",advanced,RobertsGuide,4,2025-08-29T16:36:47.103641
anachronistic,adj,"Belonging to a different historical period.","“The film’s costumes were anachronistic.”","",advanced,RobertsGuide,4,2025-08-29T16:36:47.103649
analogous,adj,"Similar in some way.","“The relationship between the two species is analogous to that of wolves and dogs.”","",advanced,RobertsGuide,4,2025-08-29T16:36:47.103658
anecdotal,adj,"Based on personal accounts rather than facts or research.","“The evidence was largely anecdotal, making it difficult to draw firm conclusions.”","",advanced,RobertsGuide,4,2025-08-29T16:36:47.103667
anomalous,adj,"Deviating from the norm or expectations.","“The scientist noted an anomalous result in the experiment.”","",advanced,RobertsGuide,4,2025-08-29T16:36:47.103673
approximation,noun,"A rough estimate or near calculation.","“The approximation of the building’s height was around 50 feet.”","",advanced,RobertsGuide,4,2025-08-29T16:36:47.103680
archbishop,noun,"A high-ranking bishop in charge of a large region.","“The archbishop led the religious ceremony with great solemnity.”","",advanced,RobertsGuide,4,2025-08-29T16:36:47.103688
arduous,adj,"Requiring great effort or endurance.","“The hikers faced an arduous climb up the steep mountain.”","",advanced,RobertsGuide,4,2025-08-29T16:36:47.103694
artifice,noun,"Clever or deceitful trickery.","“His artifice allowed him to escape the difficult situation unscathed.”","",advanced,RobertsGuide,4,2025-08-29T16:36:47.103701
aspirations,noun,"Strong desires or ambitions.","“Her aspirations to become a doctor motivated her to study diligently.”","",advanced,RobertsGuide,4,2025-08-29T16:36:47.103708
assert,verb,"To state or declare something forcefully.","“He asserted his right to speak during the meeting.”","",advanced,RobertsGuide,4,2025-08-29T16:36:47.103715
assess,verb,"To evaluate or analyze something.","“The teacher assessed the students’ essays carefully.”","",advanced,RobertsGuide,4,2025-08-29T16:36:47.103731
assiduous,adj,"Showing great care and perseverance.","“Her assiduous work ethic earned her a promotion at the company.”","",advanced,RobertsGuide,4,2025-08-29T16:36:47.103739
assumption,noun,"A belief accepted as true without proof.","“The assumption that it would not rain led them to leave their umbrellas at home.”","",advanced,RobertsGuide,4,2025-08-29T16:36:47.103746
attest,verb,"To serve as proof or evidence of something.","“The ancient ruins attest to the civilization’s advanced architectural skills.”","",advanced,RobertsGuide,4,2025-08-29T16:36:47.103754
attribute,verb,"To regard something as being caused by a particular source.","“He attributed his success to years of hard work and dedication.”","",advanced,RobertsGuide,4,2025-08-29T16:36:47.103761
augment,verb,"To increase or add to.","“The company plans to augment its workforce by hiring more employees.”","",advanced,RobertsGuide,4,2025-08-29T16:36:47.103768
auspicious,adj,"Indicating a favorable outcome or success.","“The clear skies were an auspicious sign for the outdoor wedding.”","",advanced,RobertsGuide,4,2025-08-29T16:36:47.103775
austere,adj,"Severe or strict in manner; lacking luxury.","“The monastery had an austere lifestyle with minimal comforts.”","",advanced,RobertsGuide,4,2025-08-29T16:36:47.103782
basaltic,adj,"Related to volcanic rock or lava.","“The island was covered in basaltic formations created by ancient lava flows.”","",advanced,RobertsGuide,4,2025-08-29T16:36:47.103789
bellicose,adj,"Demonstrating aggression or a willingness to fight.","“His bellicose remarks escalated the argument.”","",advanced,RobertsGuide,4,2025-08-29T16:36:47.103796
beneficially,adv,"In a way that produces good results.","“The changes were implemented beneficially for all employees.”","",advanced,RobertsGuide,4,2025-08-29T16:36:47.103803
benevolent,adj,"Well-meaning and kindly.","“The benevolent organization provided food and shelter for the needy.”","",advanced,RobertsGuide,4,2025-08-29T16:36:47.103809
"bilateral symmetry",noun,"A body structure that is symmetrical on both sides.","“Humans and most animals exhibit bilateral symmetry in their anatomy.”","",advanced,RobertsGuide,4,2025-08-29T16:36:47.103815
biome,noun,"A large ecological region characterized by distinct plant and animal life.","“The Amazon rainforest is one of the most diverse biomes on Earth.”","",advanced,RobertsGuide,4,2025-08-29T16:36:47.103823
bolster,verb,"To support or strengthen something.","“The government provided funds to bolster the struggling economy.”","",advanced,RobertsGuide,4,2025-08-29T16:36:47.103829
candid,adj,"Honest and straightforward.","“She gave a candid response about her feelings.”","",advanced,RobertsGuide,4,2025-08-29T16:36:47.103834
capacious,adj,"Having a lot of space; roomy.","“The capacious backpack easily fit all of his belongings.”","",advanced,RobertsGuide,4,2025-08-29T16:36:47.103839
capricious,adj,"Given to sudden changes in mood or behavior.","“His capricious nature made it difficult to predict his decisions.”","",advanced,RobertsGuide,4,2025-08-29T16:36:47.103846
catalyst,noun,"Something that speeds up a reaction or change.","“The invention of the internet was a catalyst for global communication.”","",advanced,RobertsGuide,4,2025-08-29T16:36:47.103852
celestial,adj,"Related to the sky or outer space.","“The telescope revealed celestial bodies never seen before.”","",advanced,RobertsGuide,4,2025-08-29T16:36:47.103858
coalesce,verb,"To come together to form one whole.","“The two companies decided to coalesce into a single organization.”","",advanced,RobertsGuide,4,2025-08-29T16:36:47.103863
cogent,adj,"Convincing and logical.","“Her cogent argument persuaded the jury.”","",advanced,RobertsGuide,4,2025-08-29T16:36:47.103869
coherent,adj,"Clear and logical in thought or speech.","“His speech was well-structured and coherent.”","",advanced,RobertsGuide,4,2025-08-29T16:36:47.103875
coiled,adj,"Wound into a series of loops or spirals.","“The rope was coiled neatly on the dock.”","",advanced,RobertsGuide,4,2025-08-29T16:36:47.103880
coincide,verb,"To occur at the same time or to be in agreement.","“The holiday coincided with her birthday this year.”","",advanced,RobertsGuide,4,2025-08-29T16:36:47.103886
commensurate,adj,"Corresponding in size, amount, or degree.","“The salary was commensurate with her experience.”","",advanced,RobertsGuide,4,2025-08-29T16:36:47.103892
compelling,adj,"Evoking interest or attention; convincing.","“The lawyer presented a compelling case.”","",advanced,RobertsGuide,4,2025-08-29T16:36:47.103897
compensation,noun,"Something given to make up for a loss or effort.","“She received financial compensation for her work.”","",advanced,RobertsGuide,4,2025-08-29T16:36:47.103903
complacent,adj,"Satisfied with oneself to a fault.","“He became complacent after winning several competitions.”","",advanced,RobertsGuide,4,2025-08-29T16:36:47.103908
composition,noun,"The makeup or structure of something.","“The chemical composition of the substance was analyzed.”","",advanced,RobertsGuide,4,2025-08-29T16:36:47.103914
concede,verb,"To admit or acknowledge reluctantly.","“He conceded that he had made a mistake.”","",advanced,RobertsGuide,4,2025-08-29T16:36:47.103920
conclusive,adj,"Providing a final decision or result.","“The DNA evidence was conclusive in solving the case.”","",advanced,RobertsGuide,4,2025-08-29T16:36:47.103925
conducive,adj,"Making a certain outcome likely or possible.","“A quiet environment is conducive to studying.”","",advanced,RobertsGuide,4,2025-08-29T16:36:47.103931
"conflated with",verb,"Combined or confused with something else.","“The two concepts are often conflated with each other.”","",advanced,RobertsGuide,4,2025-08-29T16:36:47.103936
confluence,noun,"A meeting or coming together of things.","“The confluence of two rivers formed a wider body of water.”","",advanced,RobertsGuide,4,2025-08-29T16:36:47.103942
conformity,noun,"Compliance with standards or social norms.","“His conformity to tradition was evident in his behavior.”","",advanced,RobertsGuide,4,2025-08-29T16:36:47.103948
conjecture,noun,"A guess or speculation without complete evidence.","“His theory was based on conjecture rather than facts.”","",advanced,RobertsGuide,4,2025-08-29T16:36:47.103954
connotation,noun,"The implied or associated meaning of a word.","“The word ‘home’ has a warm connotation.”","",advanced,RobertsGuide,4,2025-08-29T16:36:47.103959
consequential,adj,"Significant or important.","“His actions had consequential effects on the company.”","",advanced,RobertsGuide,4,2025-08-29T16:36:47.103965
conservationists,noun,"People who work to protect the environment.","“Conservationists fought to save the rainforest.”","",advanced,RobertsGuide,4,2025-08-29T16:36:47.103971
consolidated,adj,"Combined or made stronger.","“The company consolidated its branches into one headquarters.”","",advanced,RobertsGuide,4,2025-08-29T16:36:47.103976
conspicuous,adj,"Easily noticeable or attracting attention.","“Her bright red dress was conspicuous in the crowd.”","",advanced,RobertsGuide,4,2025-08-29T16:36:47.103982
constrain,verb,"To limit or restrict.","“Time constraints forced them to work faster.”","",advanced,RobertsGuide,4,2025-08-29T16:36:47.103987
contend,verb,"To argue or compete.","“She contended that the new policy was unfair.”","",advanced,RobertsGuide,4,2025-08-29T16:36:47.103992
contention,noun,"A disagreement or argument.","“The main point of contention was the budget proposal.”","",advanced,RobertsGuide,4,2025-08-29T16:36:47.104008
contextualize,verb,"To provide background or context.","“The professor contextualized the historical event for the students.”","",advanced,RobertsGuide,4,2025-08-29T16:36:47.104015
"contingent on",adj,"Dependent on certain conditions.","“Her promotion was contingent on her performance.”","",advanced,RobertsGuide,4,2025-08-29T16:36:47.104021
contradict,verb,"To go against or oppose.","“His statement contradicted the facts.”","",advanced,RobertsGuide,4,2025-08-29T16:36:47.104026
controversial,adj,"Causing disagreement or debate.","“The new law was highly controversial.”","",advanced,RobertsGuide,4,2025-08-29T16:36:47.104031
conventional,adj,"Based on tradition or what is generally accepted.","“He prefers conventional methods of teaching.”","",advanced,RobertsGuide,4,2025-08-29T16:36:47.104037
conveyance,noun,"The act of transporting something.","“The conveyance of goods by ship was delayed.”","",advanced,RobertsGuide,4,2025-08-29T16:36:47.104042
conveyed,verb,"Expressed or communicated.","“Her tone conveyed her disappointment.”","",advanced,RobertsGuide,4,2025-08-29T16:36:47.104047
convoluted,adj,"Complicated and difficult to understand.","“The professor’s explanation was too convoluted.”","",advanced,RobertsGuide,4,2025-08-29T16:36:47.104053
copious,adj,"Abundant or plentiful.","“She took copious notes during the lecture.”","",advanced,RobertsGuide,4,2025-08-29T16:36:47.104059
correlation,noun,"A connection or relationship between two things.","“There is a correlation between diet and health.”","",advanced,RobertsGuide,4,2025-08-29T16:36:47.104066
corroborate,verb,"To confirm or support with evidence.","“The witness corroborated the suspect’s alibi.”","",advanced,RobertsGuide,4,2025-08-29T16:36:47.104071
corrugated,adj,"Shaped into alternating ridges and grooves.","“The corrugated metal roof was rusted.”","",advanced,RobertsGuide,4,2025-08-29T16:36:47.104077
culminate,verb,"To reach a peak or final point.","“The project culminated in a successful presentation.”","",advanced,RobertsGuide,4,2025-08-29T16:36:47.104082
cumulative,adj,"Increasing or growing over time.","“The cumulative effects of stress can impact health.”","",advanced,RobertsGuide,4,2025-08-29T16:36:47.104087
debacle,noun,"A sudden and disastrous failure.","“The event was a complete debacle due to poor planning.”","",advanced,RobertsGuide,4,2025-08-29T16:36:47.104093
debilitate,verb,"To weaken or impair.","“The illness debilitated him, making it hard to work.”","",advanced,RobertsGuide,4,2025-08-29T16:36:47.104098
decisive,adj,"Determining an outcome or showing firmness.","“Her decisive leadership helped the team succeed.”","",advanced,RobertsGuide,4,2025-08-29T16:36:47.104104
deduce,verb,"To reach a conclusion through reasoning.","“From the evidence, detectives deduced the suspect’s identity.”","",advanced,RobertsGuide,4,2025-08-29T16:36:47.104110
defer,verb,"To postpone or delay.","“They decided to defer the meeting until next week.”","",advanced,RobertsGuide,4,2025-08-29T16:36:47.104115
deleterious,adj,"Harmful or damaging.","“Smoking has deleterious effects on health.”","",advanced,RobertsGuide,4,2025-08-29T16:36:47.104120
delineate,verb,"To describe or outline precisely.","“The artist delineated the details of the portrait carefully.”","",advanced,RobertsGuide,4,2025-08-29T16:36:47.104125
"demarcated from",verb,"Set apart or distinguished from something else.","“The two regions are clearly demarcated from each other by a river.”","",advanced,RobertsGuide,4,2025-08-29T16:36:47.104132
demographic,noun,"A specific group within a population.","“The company targeted a younger demographic with its ads.”","",advanced,RobertsGuide,4,2025-08-29T16:36:47.104137
depicts,verb,"To represent or illustrate.","“The painting depicts a serene countryside scene.”","",advanced,RobertsGuide,4,2025-08-29T16:36:47.104143
depreciating,verb,"Losing value over time.","“The car’s value has been depreciating rapidly.”","",advanced,RobertsGuide,4,2025-08-29T16:36:47.104148
deprivation,noun,"The lack or denial of something necessary.","“Sleep deprivation can affect concentration.”","",advanced,RobertsGuide,4,2025-08-29T16:36:47.104154
desultory,adj,"Lacking a clear plan or purpose.","“His desultory speech confused the audience.”","",advanced,RobertsGuide,4,2025-08-29T16:36:47.104159
detrimental,adj,"Causing harm or damage.","“Excessive screen time can be detrimental to eye health.”","",advanced,RobertsGuide,4,2025-08-29T16:36:47.104164
dichotomy,noun,"A division between two opposing things.","“The novel explores the dichotomy between good and evil.”","",advanced,RobertsGuide,4,2025-08-29T16:36:47.104170
diffuse,verb,"To spread out or scatter.","“The scent of flowers diffused through the room.”","",advanced,RobertsGuide,4,2025-08-29T16:36:47.104175
diminish,verb,"To reduce in size or importance.","“His influence in the company began to diminish.”","",advanced,RobertsGuide,4,2025-08-29T16:36:47.104180
discernible,adj,"Noticeable or able to be perceived.","“There was a discernible improvement in his work.”","",advanced,RobertsGuide,4,2025-08-29T16:36:47.104186
discordant,adj,"Lacking harmony or agreement.","“Their discordant opinions led to heated arguments.”","",advanced,RobertsGuide,4,2025-08-29T16:36:47.104191
discrepancy,noun,"A difference or inconsistency.","“There was a discrepancy between the two reports.”","",advanced,RobertsGuide,4,2025-08-29T16:36:47.104196
discretion,noun,"The ability to make responsible decisions or keep something confidential.","“Use discretion when discussing sensitive matters.”","",advanced,RobertsGuide,4,2025-08-29T16:36:47.104203
dislodge,verb,"To remove or force out from a position.","“The earthquake dislodged several rocks from the cliff.”","",advanced,RobertsGuide,4,2025-08-29T16:36:47.104208
disparage,verb,"To belittle or criticize.","“She disparaged his efforts despite his hard work.”","",advanced,RobertsGuide,4,2025-08-29T16:36:47.104213
disseminate,verb,"To spread widely.","“The internet helps disseminate information quickly.”","",advanced,RobertsGuide,4,2025-08-29T16:36:47.104219
dissimilar,adj,"Not alike; different.","“Their viewpoints are completely dissimilar.”","",advanced,RobertsGuide,4,2025-08-29T16:36:47.104224
distinctive,adj,"Having a unique or distinguishing quality.","“His distinctive voice made him a recognizable singer.”","",advanced,RobertsGuide,4,2025-08-29T16:36:47.104229
divergence,noun,"The act of moving apart or differing.","“There was a divergence of opinions in the debate.”","",advanced,RobertsGuide,4,2025-08-29T16:36:47.104235
divergent,adj,"Developing in different directions.","“Their career paths became increasingly divergent.”","",advanced,RobertsGuide,4,2025-08-29T16:36:47.104240
dormant,adj,"Inactive or temporarily not in use.","“The volcano has been dormant for centuries.”","",advanced,RobertsGuide,4,2025-08-29T16:36:47.104245
dubious,adj,"Doubtful or questionable.","“His dubious claims were met with skepticism.”","",advanced,RobertsGuide,4,2025-08-29T16:36:47.104250
earnest,adj,"Showing sincere and intense conviction.","“She gave an earnest apology for her mistake.”","",advanced,RobertsGuide,4,2025-08-29T16:36:47.104255
efficacy,noun,"The ability to produce a desired effect.","“The efficacy of the new drug was proven in trials.”","",advanced,RobertsGuide,4,2025-08-29T16:36:47.104261
elicit,verb,"To draw out a response or reaction.","“The teacher’s question elicited an interesting discussion.”","",advanced,RobertsGuide,4,2025-08-29T16:36:47.104267
eloquent,adj,"Fluent and persuasive in speech or writing.","“The senator gave an eloquent speech about equality.”","",advanced,RobertsGuide,4,2025-08-29T16:36:47.104272
elucidate,verb,"To explain or clarify.","“The professor elucidated a difficult concept in simple terms.”","",advanced,RobertsGuide,4,2025-08-29T16:36:47.104278
eminent,adj,"Famous and respected in a field.","“She is an eminent scientist in the field of genetics.”","",advanced,RobertsGuide,4,2025-08-29T16:36:47.104284
emissivity,noun,"The ability of a material to emit energy as radiation.","“The spacecraft’s heat shield has high emissivity.”","",advanced,RobertsGuide,4,2025-08-29T16:36:47.104289
emphasize,verb,"To give special importance or stress to something.","“The teacher emphasized the importance of critical thinking.”","",advanced,RobertsGuide,4,2025-08-29T16:36:47.104296
empirical,adj,"Based on observation or experience rather than theory.","“Empirical data is crucial for scientific research.”","",advanced,RobertsGuide,4,2025-08-29T16:36:47.104301
encompass,verb,"To include or surround.","“The park encompasses several hiking trails and lakes.”","",advanced,RobertsGuide,4,2025-08-29T16:36:47.104307
endeavor,noun,"A serious attempt or effort.","“She embarked on an endeavor to write a novel.”","",advanced,RobertsGuide,4,2025-08-29T16:36:47.104312
enhance,verb,"To improve or make better.","“This software enhances image quality.”","",advanced,RobertsGuide,4,2025-08-29T16:36:47.104317
ephemeral,adj,"Lasting for a very short time.","“The beauty of a sunset is ephemeral.”","",advanced,RobertsGuide,4,2025-08-29T16:36:47.104322
equivalent,adj,"Equal in value, function, or meaning.","“One euro is roughly equivalent to one dollar.”","",advanced,RobertsGuide,4,2025-08-29T16:36:47.104327
equivocate,verb,"To use unclear language to avoid commitment.","“The politician equivocated when asked about taxes.”","",advanced,RobertsGuide,4,2025-08-29T16:36:47.104333
erratic,adj,"Unpredictable or inconsistent.","“His erratic driving made the passengers nervous.”","",advanced,RobertsGuide,4,2025-08-29T16:36:47.104338
erudite,adj,"Having great knowledge or learning.","“The professor’s lecture was erudite and insightful.”","",advanced,RobertsGuide,4,2025-08-29T16:36:47.104344
esoteric,adj,"Intended for or understood by only a small group.","“Quantum physics is an esoteric subject for many people.”","",advanced,RobertsGuide,4,2025-08-29T16:36:47.104349
esteem,noun,"High regard or respect.","“She is held in high esteem by her colleagues.”","",advanced,RobertsGuide,4,2025-08-29T16:36:47.104354
ethnographers,noun,"Researchers who study cultures and societies.","“Ethnographers spent years documenting indigenous traditions.”","",advanced,RobertsGuide,4,2025-08-29T16:36:47.104360
exacerbate,verb,"To make a problem worse.","“His rude remarks exacerbated the tension in the room.”","",advanced,RobertsGuide,4,2025-08-29T16:36:47.104366
exceed,verb,"To go beyond a limit or expectation.","“Her performance exceeded all expectations.”","",advanced,RobertsGuide,4,2025-08-29T16:36:47.104371
exemplifies,verb,"To serve as an example of something.","“His dedication exemplifies true leadership.”","",advanced,RobertsGuide,4,2025-08-29T16:36:47.104376
exorbitant,adj,"Unreasonably high or excessive.","“The hotel charged an exorbitant fee for parking.”","",advanced,RobertsGuide,4,2025-08-29T16:36:47.104382
expedite,verb,"To speed up a process.","“We need to expedite shipping for urgent orders.”","",advanced,RobertsGuide,4,2025-08-29T16:36:47.104387
extensive,adj,"Covering a large area or amount.","“The library has an extensive collection of rare books.”","",advanced,RobertsGuide,4,2025-08-29T16:36:47.104392
extrapolate,verb,"To infer or estimate based on known data.","“Scientists extrapolate climate trends from past data.”","",advanced,RobertsGuide,4,2025-08-29T16:36:47.104398
facilitate,verb,"To make an action or process easier.","“The new software facilitates communication between remote teams.”","",advanced,RobertsGuide,4,2025-08-29T16:36:47.104406
fastidious,adj,"Very attentive to detail and accuracy.","“She was fastidious about organizing her books by genre and author.”","",advanced,RobertsGuide,4,2025-08-29T16:36:47.104412
fluctuate,verb,"To change or vary irregularly.","“Stock prices tend to fluctuate throughout the day.”","",advanced,RobertsGuide,4,2025-08-29T16:36:47.104426
fortuitous,adj,"Happening by chance, often in a lucky way.","“A fortuitous discovery of an ancient artifact changed the course of the excavation.”","",advanced,RobertsGuide,4,2025-08-29T16:36:47.104433
foster,verb,"To encourage or promote the development of something.","“The teacher fostered a love of reading in her students.”","",advanced,RobertsGuide,4,2025-08-29T16:36:47.104441
fruition,noun,"The point at which a plan or project is realized.","“After years of hard work, his dream of opening a bakery finally came to fruition.”","",advanced,RobertsGuide,4,2025-08-29T16:36:47.104449
galvanize,verb,"To shock or excite someone into taking action.","“The speech galvanized the audience into supporting the cause.”","",advanced,RobertsGuide,4,2025-08-29T16:36:47.104456
gregarious,adj,"Sociable and enjoying the company of others.","“He was a gregarious person who made friends easily.”","",advanced,RobertsGuide,4,2025-08-29T16:36:47.104461
hemisphere,noun,"Half of a sphere, often referring to the Earth’s divisions.","“The Northern Hemisphere experiences winter while the Southern Hemisphere has summer.”","",advanced,RobertsGuide,4,2025-08-29T16:36:47.104468
heuristic,adj,"Enabling a person to discover or learn something for themselves.","“The teacher used a heuristic approach to problem-solving.”","",advanced,RobertsGuide,4,2025-08-29T16:36:47.104475
homogeneous,adj,"Consisting of parts that are all of the same kind.","“The town had a relatively homogeneous population with shared cultural traditions.”","",advanced,RobertsGuide,4,2025-08-29T16:36:47.104482
hubris,noun,"Excessive pride or self-confidence.","“The general’s hubris led to a disastrous defeat.”","",advanced,RobertsGuide,4,2025-08-29T16:36:47.104487
hypothesis,noun,"A proposed explanation for a phenomenon.","“The scientist tested her hypothesis through a series of experiments.”","",advanced,RobertsGuide,4,2025-08-29T16:36:47.104496
idiosyncratic,adj,"Peculiar or individual in nature.","“His idiosyncratic way of speaking made him stand out in meetings.”","",advanced,RobertsGuide,4,2025-08-29T16:36:47.104504
illuminate,verb,"To light up or clarify.","“The professor illuminated the complex theory with a simple analogy.”","",advanced,RobertsGuide,4,2025-08-29T16:36:47.104512
immense,adj,"Extremely large or great.","“The ocean’s immense depth makes it difficult to explore.”","",advanced,RobertsGuide,4,2025-08-29T16:36:47.104519
immutable,adj,"Unchanging over time or unable to be changed.","“The laws of physics are considered immutable.”","",advanced,RobertsGuide,4,2025-08-29T16:36:47.104525
impart,verb,"To communicate or make known.","“The mentor imparted valuable wisdom to his students.”","",advanced,RobertsGuide,4,2025-08-29T16:36:47.104532
impenetrable,adj,"Impossible to pass through or understand.","“The dense forest was nearly impenetrable.”","",advanced,RobertsGuide,4,2025-08-29T16:36:47.104538
imperative,adj,"Of vital importance; crucial.","“It is imperative that we address climate change immediately.”","",advanced,RobertsGuide,4,2025-08-29T16:36:47.104546
imperceptible,adj,"Impossible to perceive.","“The difference in weight was imperceptible to the touch.”","",advanced,RobertsGuide,4,2025-08-29T16:36:47.104553
impetuous,adj,"Acting quickly without thought or care.","“His impetuous decision to quit his job surprised everyone.”","",advanced,RobertsGuide,4,2025-08-29T16:36:47.104560
implication,noun,"A conclusion that can be drawn from something, though not explicitly stated.","“The implication of his statement was clear—he wanted a promotion.”","",advanced,RobertsGuide,4,2025-08-29T16:36:47.104568
imprecise,adj,"Not exact or accurate.","“His instructions were too imprecise to be useful.”","",advanced,RobertsGuide,4,2025-08-29T16:36:47.104574
inadvertent,adj,"Not resulting from deliberate planning; unintentional.","“His inadvertent mistake cost the company thousands.”","",advanced,RobertsGuide,4,2025-08-29T16:36:47.104581
inadvertently,adv,"Without intention; accidentally.","“She inadvertently deleted an important file from her computer.”","",advanced,RobertsGuide,4,2025-08-29T16:36:47.104588
incentive,noun,"A thing that motivates or encourages someone to do something.","“The company offered bonuses as an incentive for employees to work overtime.”","",advanced,RobertsGuide,4,2025-08-29T16:36:47.104596
inconclusive,adj,"Not leading to a firm conclusion.","“The test results were inconclusive and required further analysis.”","",advanced,RobertsGuide,4,2025-08-29T16:36:47.104603
incongruity,noun,"A state of being out of place or inconsistent.","“The incongruity of his casual outfit at the formal event was noticeable.”","",advanced,RobertsGuide,4,2025-08-29T16:36:47.104610
incongruous,adj,"Not in harmony or keeping with the surroundings.","“His bright red shoes were incongruous with his otherwise formal attire.”","",advanced,RobertsGuide,4,2025-08-29T16:36:47.104617
inconspicuousness,noun,"The state of not being easily seen or noticed.","“The spy relied on his inconspicuousness to blend into the crowd.”","",advanced,RobertsGuide,4,2025-08-29T16:36:47.104624
indecipherable,adj,"Impossible to read or understand.","“The ancient script was indecipherable without the help of linguists.”","",advanced,RobertsGuide,4,2025-08-29T16:36:47.104631
indelible,adj,"Impossible to remove, forget, or erase.","“The tragic event left an indelible mark on her memory.”","",advanced,RobertsGuide,4,2025-08-29T16:36:47.104638
indeterminate,adj,"Not exactly known, established, or defined.","“The cause of the explosion remains indeterminate.”","",advanced,RobertsGuide,4,2025-08-29T16:36:47.104645
induce,verb,"To bring about or cause something to happen.","“The doctor used medication to induce sleep.”","",advanced,RobertsGuide,4,2025-08-29T16:36:47.104651
ineffable,adj,"Too great or extreme to be expressed in words.","“The beauty of the sunset was ineffable.”","",advanced,RobertsGuide,4,2025-08-29T16:36:47.104657
ineffectual,adj,"Not producing the desired effect.","“The negotiations were ineffectual, leading to a continued stalemate.”","",advanced,RobertsGuide,4,2025-08-29T16:36:47.104664
inevitable,adj,"Certain to happen; unavoidable.","“With the rising costs, price increases seemed inevitable.”","",advanced,RobertsGuide,4,2025-08-29T16:36:47.104671
inexorable,adj,"Impossible to stop or prevent.","“The passage of time is inexorable.”","",advanced,RobertsGuide,4,2025-08-29T16:36:47.104676
infers,verb,"To deduce or conclude from evidence and reasoning.","“From her tone, he infers that she was upset.”","",advanced,RobertsGuide,4,2025-08-29T16:36:47.104683
inherent,adj,"Existing as a natural or essential characteristic.","“The risks of surgery are inherent to the procedure.”","",advanced,RobertsGuide,4,2025-08-29T16:36:47.104690
inhibitory,adj,"Serving to slow down or restrain a process.","“The drug has an inhibitory effect on nerve signals.”","",advanced,RobertsGuide,4,2025-08-29T16:36:47.104696
insatiable,adj,"Impossible to satisfy.","“His insatiable curiosity led him to read every book in the library.”","",advanced,RobertsGuide,4,2025-08-29T16:36:47.104702
insightful,adj,"Having deep understanding or perception.","“Her insightful comments added depth to the discussion.”","",advanced,RobertsGuide,4,2025-08-29T16:36:47.104709
insipid,adj,"Lacking flavor, interest, or vigor.","“The lecture was insipid, putting the students to sleep.”","",advanced,RobertsGuide,4,2025-08-29T16:36:47.104715
inspired,adj,"Filled with creativity or motivation.","“His inspired speech moved the audience.”","",advanced,RobertsGuide,4,2025-08-29T16:36:47.104722
insular,adj,"Isolated or having a narrow viewpoint.","“The small town had an insular culture, resistant to change.”","",advanced,RobertsGuide,4,2025-08-29T16:36:47.104728
integral,adj,"Essential or necessary for completeness.","“A good education is integral to success.”","",advanced,RobertsGuide,4,2025-08-29T16:36:47.104735
interpretation,noun,"An explanation or understanding of something.","“His interpretation of the poem differed from hers.”","",advanced,RobertsGuide,4,2025-08-29T16:36:47.104741
intertwined,adj,"Closely connected or twisted together.","“Their lives became intertwined after years of friendship.”","",advanced,RobertsGuide,4,2025-08-29T16:36:47.104748
intransigent,adj,"Unwilling to change one’s views or agree.","“The two sides remained intransigent during negotiations.”","",advanced,RobertsGuide,4,2025-08-29T16:36:47.104755
intricate,adj,"Very detailed and complicated.","“The artist’s intricate designs took months to complete.”","",advanced,RobertsGuide,4,2025-08-29T16:36:47.104761
intrinsic,adj,"Belonging naturally; essential.","“The intrinsic value of gold makes it a desirable asset.”","",advanced,RobertsGuide,4,2025-08-29T16:36:47.104768
inventive,adj,"Creative and original.","“The scientist was known for his inventive problem-solving skills.”","",advanced,RobertsGuide,4,2025-08-29T16:36:47.104774
invokes,verb,"To call upon or refer to something.","“The speech invokes themes of justice and equality.”","",advanced,RobertsGuide,4,2025-08-29T16:36:47.104780
involuntarily,adv,"Without conscious control.","“She involuntarily gasped at the shocking news.”","",advanced,RobertsGuide,4,2025-08-29T16:36:47.104786
juxtapose,verb,"To place side by side for contrast.","“The artist juxtaposed dark colors with bright ones to create contrast.”","",advanced,RobertsGuide,4,2025-08-29T16:36:47.104793
juxtaposition,noun,"The act of placing things next to each other for contrast.","“The juxtaposition of poverty and wealth in the city was striking.”","",advanced,RobertsGuide,4,2025-08-29T16:36:47.104801
lacking,adj,"Missing or deficient in some way.","“His argument was lacking evidence to support his claim.”","",advanced,RobertsGuide,4,2025-08-29T16:36:47.104807
lament,verb,"To express sorrow or regret.","“She lamented the loss of her childhood home.”","",advanced,RobertsGuide,4,2025-08-29T16:36:47.104813
latent,adj,"Existing but not yet developed or visible.","“His latent talent for painting emerged later in life.”","",advanced,RobertsGuide,4,2025-08-29T16:36:47.104819
legitimate,adj,"Conforming to laws, rules, or accepted standards.","“The business had a legitimate claim to the property.”","",advanced,RobertsGuide,4,2025-08-29T16:36:47.104826
lucid,adj,"Clear and easy to understand.","“Her explanation was so lucid that even a beginner could grasp the concept.”","",advanced,RobertsGuide,4,2025-08-29T16:36:47.104833
luminescence,noun,"The emission of light by a substance not resulting from heat.","“The jellyfish glowed with an eerie luminescence in the dark waters.”","",advanced,RobertsGuide,4,2025-08-29T16:36:47.104840
magnanimous,adj,"Generous, forgiving, or noble in spirit.","“Despite their rivalry, she was magnanimous in victory.”","",advanced,RobertsGuide,4,2025-08-29T16:36:47.104847
malleable,adj,"Easily shaped, influenced, or adaptable.","“Gold is highly malleable and can be hammered into thin sheets.”","",advanced,RobertsGuide,4,2025-08-29T16:36:47.104854
manifestation,noun,"An outward or visible expression of something.","“The rising tensions were a manifestation of deeper social issues.”","",advanced,RobertsGuide,4,2025-08-29T16:36:47.104863
mellifluous,adj,"Pleasantly smooth and musical to hear.","“The singer’s mellifluous voice captivated the audience.”","",advanced,RobertsGuide,4,2025-08-29T16:36:47.104881
mercurial,adj,"Subject to sudden or unpredictable changes.","“His mercurial temperament made him difficult to work with.”","",advanced,RobertsGuide,4,2025-08-29T16:36:47.104890
meticulous,adj,"Extremely careful and precise.","“She was meticulous in organizing her research notes.”","",advanced,RobertsGuide,4,2025-08-29T16:36:47.104897
misanthropic,adj,"Disliking or avoiding human society.","“The misanthropic old man rarely spoke to his neighbors.”","",advanced,RobertsGuide,4,2025-08-29T16:36:47.104903
mitigate,verb,"To make less severe or serious.","“The government took measures to mitigate the effects of the crisis.”","",advanced,RobertsGuide,4,2025-08-29T16:36:47.104911
modulate,verb,"To adjust or regulate to a certain level or standard.","“He modulated his voice to sound more authoritative.”","",advanced,RobertsGuide,4,2025-08-29T16:36:47.104918
monumental,adj,"Extremely large, significant, or important.","“The discovery was a monumental achievement in the field of medicine.”","",advanced,RobertsGuide,4,2025-08-29T16:36:47.104927
morphological,adj,"Related to the form or structure of things.","“The morphological differences between species help scientists classify them.”","",advanced,RobertsGuide,4,2025-08-29T16:36:47.104935
multifaceted,adj,"Having many aspects or dimensions.","“Her research took a multifaceted approach to solving the problem.”","",advanced,RobertsGuide,4,2025-08-29T16:36:47.104944
mundane,adj,"Ordinary, lacking excitement, or routine.","“He found his office job mundane and uninspiring.”","",advanced,RobertsGuide,4,2025-08-29T16:36:47.104951
munificent,adj,"Very generous.","“The munificent donor contributed millions to the university.”","",advanced,RobertsGuide,4,2025-08-29T16:36:47.104957
nascent,adj,"Just beginning to develop.","“The nascent technology showed great promise.”","",advanced,RobertsGuide,4,2025-08-29T16:36:47.104963
nebulous,adj,"Vague, unclear, or ill-defined.","“His explanation was too nebulous to be understood.”","",advanced,RobertsGuide,4,2025-08-29T16:36:47.104969
nominal,adj,"Existing in name only, or very small in amount.","“He was the nominal leader, but the real power lay elsewhere.”","",advanced,RobertsGuide,4,2025-08-29T16:36:47.104976
novel,adj,"New, original, or different from anything seen before.","“Her novel approach to the problem impressed her colleagues.”","",advanced,RobertsGuide,4,2025-08-29T16:36:47.104983
novelty,noun,"The quality of being new, original, or unusual.","“The novelty of the invention attracted a lot of attention.”","",advanced,RobertsGuide,4,2025-08-29T16:36:47.104990
nuanced,adj,"Characterized by subtle distinctions or variations.","“Her argument was well-structured and highly nuanced.”","",advanced,RobertsGuide,4,2025-08-29T16:36:47.104997
obdurate,adj,"Stubbornly refusing to change one’s opinion or course of action.","“Despite the evidence, he remained obdurate in his stance.”","",advanced,RobertsGuide,4,2025-08-29T16:36:47.105004
obfuscate,verb,"To make something unclear or difficult to understand.","“The lawyer tried to obfuscate the details of the case.”","",advanced,RobertsGuide,4,2025-08-29T16:36:47.105011
oblique,adj,"Indirect or not straightforward.","“His oblique answer made it hard to determine his true intentions.”","",advanced,RobertsGuide,4,2025-08-29T16:36:47.105018
obscure,adj,"Not well known or difficult to understand.","“The professor referenced an obscure 18th-century philosopher.”","",advanced,RobertsGuide,4,2025-08-29T16:36:47.105025
obsequious,adj,"Excessively submissive or eager to please.","“The obsequious assistant praised her boss at every opportunity.”","",advanced,RobertsGuide,4,2025-08-29T16:36:47.105032
obsolete,adj,"No longer in use or out of date.","“VCRs have become obsolete with the rise of streaming services.”","",advanced,RobertsGuide,4,2025-08-29T16:36:47.105038
obstinate,adj,"Stubbornly refusing to change one’s mind.","“The child was obstinate about not eating his vegetables.”","",advanced,RobertsGuide,4,2025-08-29T16:36:47.105045
obtrusive,adj,"Noticeable in an unwelcome or intrusive way.","“His loud behavior was obtrusive in the quiet library.”","",advanced,RobertsGuide,4,2025-08-29T16:36:47.105052
oddity,noun,"Something unusual or strange.","“The sculpture was an oddity that puzzled many visitors.”","",advanced,RobertsGuide,4,2025-08-29T16:36:47.105058
onerous,adj,"Burdensome or involving great effort.","“The new regulations placed onerous demands on small businesses.”","",advanced,RobertsGuide,4,2025-08-29T16:36:47.105065
opaque,adj,"Not transparent or difficult to understand.","“The explanation was so opaque that few people grasped the concept.”","",advanced,RobertsGuide,4,2025-08-29T16:36:47.105072
operative,adj,"Functioning or having an effect.","“Only the last clause of the contract is operative.”","",advanced,RobertsGuide,4,2025-08-29T16:36:47.105078
opulent,adj,"Rich and luxurious.","“The palace was decorated in an opulent style.”","",advanced,RobertsGuide,4,2025-08-29T16:36:47.105084
ostensible,adj,"Stated or appearing to be true, but not necessarily so.","“His ostensible purpose was to help, but he had ulterior motives.”","",advanced,RobertsGuide,4,2025-08-29T16:36:47.105091
ostensibly,adv,"Apparently or supposedly.","“She was ostensibly on a business trip, but she was actually on vacation.”","",advanced,RobertsGuide,4,2025-08-29T16:36:47.105098
ostentatious,adj,"Showy or designed to impress.","“The millionaire’s ostentatious display of wealth included gold-plated furniture.”","",advanced,RobertsGuide,4,2025-08-29T16:36:47.105105
overarching,adj,"Comprehensive or all-encompassing.","“The overarching theme of the novel was redemption.”","",advanced,RobertsGuide,4,2025-08-29T16:36:47.105111
palimpsest,noun,"A document or object that has been reused or altered but still retains traces of its original form.","“The ancient manuscript was a palimpsest, with faint traces of earlier writings.”","",advanced,RobertsGuide,4,2025-08-29T16:36:47.105121
paradigm,noun,"A typical example or model of something.","“The scientific paradigm shifted with the discovery of quantum mechanics.”","",advanced,RobertsGuide,4,2025-08-29T16:36:47.105129
paradox,noun,"A statement or situation that seems contradictory but may be true.","“His deep shyness and charisma created a paradox.”","",advanced,RobertsGuide,4,2025-08-29T16:36:47.105137
penchant,noun,"A strong inclination or liking.","“She has a penchant for collecting rare books.”","",advanced,RobertsGuide,4,2025-08-29T16:36:47.105145
perceptible,adj,"Able to be noticed or felt.","“There was a perceptible change in his attitude.”","",advanced,RobertsGuide,4,2025-08-29T16:36:47.105152
peripheral,adj,"Relating to or situated on the edge; not central.","“The details were peripheral to the main argument.”","",advanced,RobertsGuide,4,2025-08-29T16:36:47.105159
perpetuate,verb,"To make something continue indefinitely.","“The media can sometimes perpetuate harmful stereotypes.”","",advanced,RobertsGuide,4,2025-08-29T16:36:47.105165
perspicacious,adj,"Having keen insight or understanding.","“The detective was perspicacious, noticing clues that others missed.”","",advanced,RobertsGuide,4,2025-08-29T16:36:47.105172
pervasive,adj,"Spreading widely throughout an area or group.","“The smell of fresh bread was pervasive in the bakery.”","",advanced,RobertsGuide,4,2025-08-29T16:36:47.105179
placate,verb,"To calm or pacify.","“He tried to placate his angry boss with an apology.”","",advanced,RobertsGuide,4,2025-08-29T16:36:47.105185
plausible,adj,"Seeming reasonable or likely.","“Her excuse for being late was plausible.”","",advanced,RobertsGuide,4,2025-08-29T16:36:47.105191
pragmatic,adj,"Dealing with things sensibly and realistically.","“She took a pragmatic approach to solving the problem.”","",advanced,RobertsGuide,4,2025-08-29T16:36:47.105198
precarious,adj,"Not secure; risky or unstable.","“His financial situation was precarious after losing his job.”","",advanced,RobertsGuide,4,2025-08-29T16:36:47.105205
precedence,noun,"The condition of being more important than something else.","“In emergencies, safety takes precedence over convenience.”","",advanced,RobertsGuide,4,2025-08-29T16:36:47.105212
precipitous,adj,"Dangerously high or steep; sudden and dramatic.","“The company’s precipitous decline worried investors.”","",advanced,RobertsGuide,4,2025-08-29T16:36:47.105219
preclude,verb,"To prevent from happening.","“His injury precluded him from playing in the final game.”","",advanced,RobertsGuide,4,2025-08-29T16:36:47.105226
precocious,adj,"Having developed certain abilities at an earlier age than usual.","“The precocious child could read at age three.”","",advanced,RobertsGuide,4,2025-08-29T16:36:47.105233
preconceived,adj,"Formed before having full knowledge or experience.","“She entered the debate with a preconceived notion of who was right.”","",advanced,RobertsGuide,4,2025-08-29T16:36:47.105240
precursor,noun,"A person or thing that comes before another.","“The pager was a precursor to the modern smartphone.”","",advanced,RobertsGuide,4,2025-08-29T16:36:47.105248
predetermined,adj,"Decided or set in advance.","“The outcome of the competition seemed predetermined.”","",advanced,RobertsGuide,4,2025-08-29T16:36:47.105254
predictive,adj,"Relating to the ability to predict future events.","“The scientist used predictive models to forecast climate changes.”","",advanced,RobertsGuide,4,2025-08-29T16:36:47.105261
predispose,verb,"To make someone more likely to behave in a certain way.","“Genetics can predispose individuals to certain diseases.”","",advanced,RobertsGuide,4,2025-08-29T16:36:47.105268
prescient,adj,"Having foresight or knowing something before it happens.","“Her prescient advice helped us avoid financial trouble.”","",advanced,RobertsGuide,4,2025-08-29T16:36:47.105276
presumptive,adj,"Based on probability or assumption.","“His presumptive diagnosis was confirmed after further tests.”","",advanced,RobertsGuide,4,2025-08-29T16:36:47.105282
prevalence,noun,"The commonness or frequency of something.","“The prevalence of online shopping has increased in recent years.”","",advanced,RobertsGuide,4,2025-08-29T16:36:47.105289
prevalent,adj,"Widespread or commonly occurring.","“Influenza is particularly prevalent in winter.”","",advanced,RobertsGuide,4,2025-08-29T16:36:47.105295
pristine,adj,"In its original, untouched condition.","“The pristine beach had not been disturbed by tourists.”","",advanced,RobertsGuide,4,2025-08-29T16:36:47.105302
prodigious,adj,"Remarkably large or impressive.","“She displayed prodigious talent at a young age.”","",advanced,RobertsGuide,4,2025-08-29T16:36:47.105309
profound,adj,"Deep, insightful, or intense.","“The professor’s lecture left a profound impact on the students.”","",advanced,RobertsGuide,4,2025-08-29T16:36:47.105316
proliferation,noun,"Rapid increase or spread.","“The proliferation of smartphones has changed communication worldwide.”","",advanced,RobertsGuide,4,2025-08-29T16:36:47.105322
prolific,adj,"Producing a large amount of something.","“The author was prolific, publishing multiple novels each year.”","",advanced,RobertsGuide,4,2025-08-29T16:36:47.105329
propensity,noun,"A natural inclination or tendency.","“He has a propensity to speak before thinking.”","",advanced,RobertsGuide,4,2025-08-29T16:36:47.105336
proponent,noun,"Someone who advocates for a cause or idea.","“She is a strong proponent of renewable energy.”","",advanced,RobertsGuide,4,2025-08-29T16:36:47.105354
proposes,verb,"To suggest a plan or idea for consideration.","“The senator proposes new legislation on healthcare.”","",advanced,RobertsGuide,4,2025-08-29T16:36:47.105361
provisional,adj,"Temporary or conditional.","“His license was provisional until he passed the final test.”","",advanced,RobertsGuide,4,2025-08-29T16:36:47.105370
qualitative,adj,"Relating to the characteristics or qualities of something.","“The research focused on qualitative data rather than numerical statistics.”","",advanced,RobertsGuide,4,2025-08-29T16:36:47.105378
quandary,noun,"A state of uncertainty or confusion.","“She was in a quandary about which college to choose.”","",advanced,RobertsGuide,4,2025-08-29T16:36:47.105385
quantifiable,adj,"Able to be measured or counted.","“The economic benefits of the project are easily quantifiable.”","",advanced,RobertsGuide,4,2025-08-29T16:36:47.105391
quintessential,adj,"Representing the most typical or ideal example.","“Shakespeare is considered the quintessential English playwright.”","",advanced,RobertsGuide,4,2025-08-29T16:36:47.105398
quixotic,adj,"Unrealistically idealistic.","“His quixotic plan to end world hunger lacked practical solutions.”","",advanced,RobertsGuide,4,2025-08-29T16:36:47.105405
"radial symmetry",noun,"A body structure in which parts radiate outward from a central point.","“Starfish exhibit radial symmetry.”","",advanced,RobertsGuide,4,2025-08-29T16:36:47.105412
reaffirm,verb,"To confirm or assert again.","“The president reaffirmed his commitment to the policy.”","",advanced,RobertsGuide,4,2025-08-29T16:36:47.105418
rebuttal,noun,"A response that contradicts or refutes an argument.","“His rebuttal effectively countered the opposing viewpoint.”","",advanced,RobertsGuide,4,2025-08-29T16:36:47.105425
recalcitrant,adj,"Resistant to authority or control.","“The recalcitrant student refused to follow the teacher’s instructions.”","",advanced,RobertsGuide,4,2025-08-29T16:36:47.105432
reciprocal,adj,"Given, felt, or done in return.","“Their relationship was built on reciprocal trust and respect.”","",advanced,RobertsGuide,4,2025-08-29T16:36:47.105438
reciprocity,noun,"Mutual exchange of benefits or privileges.","“The trade agreement was based on reciprocity between the two nations.”","",advanced,RobertsGuide,4,2025-08-29T16:36:47.105445
rectify,verb,"To correct or make something right.","“The company took steps to rectify its mistake.”","",advanced,RobertsGuide,4,2025-08-29T16:36:47.105451
refinement,noun,"The process of improving something.","“The software underwent refinement before its release.”","",advanced,RobertsGuide,4,2025-08-29T16:36:47.105458
refutation,noun,"The act of proving a statement or argument to be false.","“His refutation of the claim was backed by strong evidence.”","",advanced,RobertsGuide,4,2025-08-29T16:36:47.105465
reinforce,verb,"To strengthen or support.","“The bridge was reinforced to withstand strong winds.”","",advanced,RobertsGuide,4,2025-08-29T16:36:47.105471
reiterate,verb,"To repeat for emphasis or clarity.","“The coach reiterated the importance of teamwork.”","",advanced,RobertsGuide,4,2025-08-29T16:36:47.105477
relegate,verb,"To assign to a lower position or rank.","“The player was relegated to the bench after poor performance.”","",advanced,RobertsGuide,4,2025-08-29T16:36:47.105484
remedial,adj,"Intended to correct or improve something.","“He enrolled in remedial classes to improve his reading skills.”","",advanced,RobertsGuide,4,2025-08-29T16:36:47.105490
repertoire,noun,"A collection of skills or works that a person can perform.","“The pianist’s repertoire included both classical and modern pieces.”","",advanced,RobertsGuide,4,2025-08-29T16:36:47.105498
reprieve,noun,"A temporary relief from something unpleasant.","“The judge granted a reprieve, delaying the execution.”","",advanced,RobertsGuide,4,2025-08-29T16:36:47.105505
repudiate,verb,"To reject or disown something.","“She repudiated the false accusations made against her.”","",advanced,RobertsGuide,4,2025-08-29T16:36:47.105511
rescind,verb,"To revoke or cancel a decision or law.","“The government decided to rescind the outdated policy.”","",advanced,RobertsGuide,4,2025-08-29T16:36:47.105518
resonance,noun,"A deep, full sound or an emotional impact.","“The resonance of his speech left the audience in tears.”","",advanced,RobertsGuide,4,2025-08-29T16:36:47.105524
reticent,adj,"Reserved or reluctant to speak.","“Despite being reticent, he shared his thoughts when asked.”","",advanced,RobertsGuide,4,2025-08-29T16:36:47.105531
retrospective,adj,"Looking back on past events.","“The artist held a retrospective exhibition of his early works.”","",advanced,RobertsGuide,4,2025-08-29T16:36:47.105537
reverence,noun,"Deep respect or admiration.","“She spoke of her mentor with great reverence.”","",advanced,RobertsGuide,4,2025-08-29T16:36:47.105543
rudimentary,adj,"Basic or elementary.","“He had only a rudimentary understanding of physics.”","",advanced,RobertsGuide,4,2025-08-29T16:36:47.105549
sagacious,adj,"Wise and insightful.","“The sagacious leader made thoughtful decisions.”","",advanced,RobertsGuide,4,2025-08-29T16:36:47.105555
salient,adj,"Most noticeable or important.","“The salient feature of the painting was its vibrant colors.”","",advanced,RobertsGuide,4,2025-08-29T16:36:47.105562
sanguine,adj,"Optimistic or hopeful.","“Despite the challenges, he remained sanguine about the future.”","",advanced,RobertsGuide,4,2025-08-29T16:36:47.105569
scrutinize,verb,"To examine closely.","“The editor scrutinized every detail of the manuscript.”","",advanced,RobertsGuide,4,2025-08-29T16:36:47.105574
scrutiny,noun,"Close examination or observation.","“The scientist’s work was under intense scrutiny.”","",advanced,RobertsGuide,4,2025-08-29T16:36:47.105580
sequential,adj,"Arranged in a logical order.","“The instructions must be followed in a sequential manner.”","",advanced,RobertsGuide,4,2025-08-29T16:36:47.105585
serendipitous,adj,"Occurring by chance in a happy way.","“Their meeting at the café was completely serendipitous.”","",advanced,RobertsGuide,4,2025-08-29T16:36:47.105591
singular,adj,"Unique or extraordinary.","“Her singular talent set her apart from other musicians.”","",advanced,RobertsGuide,4,2025-08-29T16:36:47.105597
smoothly,adv,"Without problems or interruptions.","“The event ran smoothly from start to finish.”","",advanced,RobertsGuide,4,2025-08-29T16:36:47.105602
spatial,adj,"Related to space or physical dimensions.","“The architect had strong spatial awareness.”","",advanced,RobertsGuide,4,2025-08-29T16:36:47.105607
spurious,adj,"False or not genuine.","“The claim was spurious and lacked evidence.”","",advanced,RobertsGuide,4,2025-08-29T16:36:47.105613
stratagem,noun,"A clever plan to achieve a goal.","“He used a clever stratagem to outmaneuver his opponents.”","",advanced,RobertsGuide,4,2025-08-29T16:36:47.105618
stratify,verb,"To arrange into layers or levels.","“The society was stratified by wealth and status.”","",advanced,RobertsGuide,4,2025-08-29T16:36:47.105625
strenuously,adv,"Requiring great effort.","“She strenuously opposed the new policy.”","",advanced,RobertsGuide,4,2025-08-29T16:36:47.105630
stringent,adj,"Strict or precise.","“The safety regulations were very stringent.”","",advanced,RobertsGuide,4,2025-08-29T16:36:47.105635
subjugate,verb,"To bring under control.","“The empire sought to subjugate its enemies.”","",advanced,RobertsGuide,4,2025-08-29T16:36:47.105640
substantiate,verb,"To prove with evidence.","“He failed to substantiate his claim with facts.”","",advanced,RobertsGuide,4,2025-08-29T16:36:47.105646
succinct,adj,"Brief and to the point.","“His explanation was clear and succinct.”","",advanced,RobertsGuide,4,2025-08-29T16:36:47.105651
suggests,verb,"To propose or indicate.","“The evidence suggests a connection between the two cases.”","",advanced,RobertsGuide,4,2025-08-29T16:36:47.105656
superfluous,adj,"Unnecessary or excessive.","“The report contained superfluous details.”","",advanced,RobertsGuide,4,2025-08-29T16:36:47.105662
supposition,noun,"An uncertain belief.","“His argument was based on mere supposition.”","",advanced,RobertsGuide,4,2025-08-29T16:36:47.105667
surreptitious,adj,"Done secretly.","“She cast a surreptitious glance at the clock.”","",advanced,RobertsGuide,4,2025-08-29T16:36:47.105672
symbiotic,adj,"Mutually beneficial.","“Their business partnership was symbiotic.”","",advanced,RobertsGuide,4,2025-08-29T16:36:47.105677
synthesis,noun,"Combining different elements into a whole.","“The scientist worked on the synthesis of new compounds.”","",advanced,RobertsGuide,4,2025-08-29T16:36:47.105682
synthesize,verb,"To combine elements into a whole.","“The researcher synthesized data from various studies.”","",advanced,RobertsGuide,4,2025-08-29T16:36:47.105688
systematic,adj,"Done in an organized way.","“His approach to problem-solving was systematic.”","",advanced,RobertsGuide,4,2025-08-29T16:36:47.105693
tacit,adj,"Understood without being spoken.","“There was a tacit agreement between them.”","",advanced,RobertsGuide,4,2025-08-29T16:36:47.105699
taciturn,adj,"Reserved or silent.","“The taciturn man rarely spoke in meetings.”","",advanced,RobertsGuide,4,2025-08-29T16:36:47.105704
tangible,adj,"Able to be touched or felt.","“The evidence presented in court was tangible.”","",advanced,RobertsGuide,4,2025-08-29T16:36:47.105709
tenacious,adj,"Holding firmly to something.","“She had a tenacious grip on her beliefs.”","",advanced,RobertsGuide,4,2025-08-29T16:36:47.105714
tenet,noun,"A principle or belief.","“The tenets of democracy emphasize equality.”","",advanced,RobertsGuide,4,2025-08-29T16:36:47.105719
tentative,adj,"Not certain or fixed.","“They made a tentative agreement.”","",advanced,RobertsGuide,4,2025-08-29T16:36:47.105726
tenuous,adj,"Weak or insubstantial.","“His argument was tenuous and lacked support.”","",advanced,RobertsGuide,4,2025-08-29T16:36:47.105731
theoretical,adj,"Based on ideas rather than practice.","“His research was highly theoretical.”","",advanced,RobertsGuide,4,2025-08-29T16:36:47.105737
transcend,verb,"To go beyond limits.","“Her talent transcended cultural boundaries.”","",advanced,RobertsGuide,4,2025-08-29T16:36:47.105742
transitory,adj,"Temporary or short-lived.","“The storm had only a transitory effect.”","",advanced,RobertsGuide,4,2025-08-29T16:36:47.105747
trenchant,adj,"Sharp or incisive.","“His trenchant critique was difficult to ignore.”","",advanced,RobertsGuide,4,2025-08-29T16:36:47.105752
trepidation,noun,"Fear or anxiety.","“She entered the room with trepidation.”","",advanced,RobertsGuide,4,2025-08-29T16:36:47.105757
turbulent,adj,"Chaotic or unstable.","“The country went through a turbulent period.”","",advanced,RobertsGuide,4,2025-08-29T16:36:47.105762
ubiquitous,adj,"Present everywhere.","“Smartphones have become ubiquitous in modern life.”","",advanced,RobertsGuide,4,2025-08-29T16:36:47.105767
ubiquity,noun,"The state of being everywhere.","“The ubiquity of the internet has changed society.”","",advanced,RobertsGuide,4,2025-08-29T16:36:47.105773
undermines,verb,"To weaken or damage.","“His behavior undermines his credibility.”","",advanced,RobertsGuide,4,2025-08-29T16:36:47.105780
underpin,verb,"To support or reinforce.","“The theory is underpinned by scientific evidence.”","",advanced,RobertsGuide,4,2025-08-29T16:36:47.105785
unequivocal,adj,"Clear and unambiguous.","“Her statement was unequivocal and firm.”","",advanced,RobertsGuide,4,2025-08-29T16:36:47.105790
unfounded,adj,"Not based on facts.","“The rumor was completely unfounded.”","",advanced,RobertsGuide,4,2025-08-29T16:36:47.105795
universal,adj,"Present everywhere.","“Human rights should be universal.”","",advanced,RobertsGuide,4,2025-08-29T16:36:47.105800
unoriginal,adj,"Lacking novelty.","“The movie’s plot felt unoriginal.”","",advanced,RobertsGuide,4,2025-08-29T16:36:47.105805
unprecedented,adj,"Never seen before.","“The crisis was unprecedented in scale.”","",advanced,RobertsGuide,4,2025-08-29T16:36:47.105813
vacillate,verb,"To waver between choices.","“He vacillated between two career paths.”","",advanced,RobertsGuide,4,2025-08-29T16:36:47.105818
variable,adj,"Likely to change.","“The weather here is highly variable.”","",advanced,RobertsGuide,4,2025-08-29T16:36:47.105823
veneration,noun,"Deep respect.","“The scholar was held in veneration.”","",advanced,RobertsGuide,4,2025-08-29T16:36:47.105828
veracity,noun,Truthfulness.,"“The veracity of his statement was questioned.”","",advanced,RobertsGuide,4,2025-08-29T16:36:47.105833
veritable,adj,"Real or genuine.","“It was a veritable feast.”","",advanced,RobertsGuide,4,2025-08-29T16:36:47.105837
vestige,noun,"A small remaining part.","“There was no vestige of the ancient city left.”","",advanced,RobertsGuide,4,2025-08-29T16:36:47.105843
viability,noun,"Ability to succeed.","“The viability of the business was uncertain.”","",advanced,RobertsGuide,4,2025-08-29T16:36:47.105848
vindicate,verb,"To clear from blame.","“The evidence vindicated his innocence.”","",advanced,RobertsGuide,4,2025-08-29T16:36:47.105852
vindictive,adj,"Seeking revenge.","“She had a vindictive streak.”","",advanced,RobertsGuide,4,2025-08-29T16:36:47.105857
vivid,adj,"Bright or lifelike.","“She had a vivid imagination.”","",advanced,RobertsGuide,4,2025-08-29T16:36:47.105862
vociferous,adj,"Loud and forceful.","“The crowd was vociferous in its demands.”","",advanced,RobertsGuide,4,2025-08-29T16:36:47.105867
voracious,adj,"Having a great appetite.","“He was a voracious reader.”","",advanced,RobertsGuide,4,2025-08-29T16:36:47.105871
warrants,verb,"To justify or guarantee.","“The situation warrants immediate action.”","",advanced,RobertsGuide,4,2025-08-29T16:36:47.105878
yield,verb,"To produce or give way.","“The experiment yielded promising results.”","",advanced,RobertsGuide,4,2025-08-29T16:36:47.105885
